,Country,Date,pagePath,Number of Pages,Sessions,Users,Duration
1035,Germany,2023-04-26,/marktplatz?tab=2&organisationId=96,1,1,1,2
1037,Germany,2023-04-26,/marktplatz?tab=2&search=ORCA%20Software%20GmbH&organisationId=41,1,1,1,6
147,Germany,2023-04-26,/marktplatz?tab=0&ptgId=66,3,2,1,28
148,Germany,2023-04-26,/resetPassword,3,2,2,74
1038,Germany,2023-04-26,/organisations/41/information?tab=0,1,1,1,13
1039,Germany,2023-04-26,/organisations/41/information?tab=0&search=ORCA%20AVA&productId=195,1,1,1,2
1040,Germany,2023-04-26,/organisations/41/information?tab=0&search=ORCA%20AVA&ptgId=45,1,1,1,7
1041,Germany,2023-04-26,/organisations/41/information?tab=0&search=ORCA%20AVA&ptgId=45&ptgId=57,1,1,1,1
1042,Germany,2023-04-26,/registry/confirm%3Fcode=b2ef2eae-b83e-4438-b2d4-e536d3515111,1,1,1,3
1043,Germany,2023-04-26,/registry/confirm%3Fcode=b2ef2eae-b83e-4438-b2d4-e536d3515111?code=b2ef2eae-b83e-4438-b2d4-e536d3515111,1,1,1,0
1002,Germany,2023-04-26,/marktplatz%3Ftab=0?tab=0&search=ORCA%20AVA,1,1,1,1
1001,Germany,2023-04-26,/marktplatz%3Ftab=0?tab=0&search=Ministerium%20f%C3%BCr%20heimat,1,1,1,8
1000,Germany,2023-04-26,/marktplatz%3Ftab=0?tab=0&search=MHKBD,1,1,1,9
999,Germany,2023-04-26,/marktplatz%3Ftab=0?tab=0&search=Digitalisierung%20im%20Bauwesen,1,1,1,4
998,Germany,2023-04-26,/marktplatz%3Ftab=0?tab=0&productId=323,1,1,1,4
997,Germany,2023-04-26,/marktplatz%3Ftab=0?tab=0&productId=3,1,1,1,20
996,Germany,2023-04-26,/marktplatz%3Ftab=0?tab=0&attr=113,1,1,1,1
995,Germany,2023-04-26,/marktplatz%3Ftab=0?tab=0&attr=111&attr=113,1,1,1,10
994,Germany,2023-04-26,/marktplatz%3Ftab=0?tab=0&attr=111&attr=112&attr=113,1,1,1,1
993,Germany,2023-04-26,/marktplatz%3Ftab=0&attr=86?tab=0&attr=86&productId=280,1,2,1,4
992,Germany,2023-04-26,/marktplatz%3Ftab=0&attr=118?tab=0,1,1,1,2
991,Germany,2023-04-26,/marktplatz%3Ftab=0&appSubPro=53&productId=53?tab=0&search=NEVARIS%20Build&productId=53,1,1,1,8
990,Germany,2023-04-26,/marktplatz%3Ftab=0&appSubPro=53&productId=53?tab=0&appSubPro=53&productId=53,1,1,1,1
989,Germany,2023-04-26,/login%3Fcode=scV-eO?code=scV-eO,1,1,1,0
988,Germany,2023-04-26,/login%3Fcode=DcJjjx?tab=2&search=SierraSoft&organisationId=221,1,1,1,8
72,Germany,2023-04-26,/profil/nutzerverwaltung,6,1,1,55
71,Germany,2023-04-26,/organisations/41/information,6,1,1,9
70,Germany,2023-04-26,/login%3Fcode=DcJjjx,6,1,1,79
987,Germany,2023-04-26,/login%3Fcode=DcJjjx?tab=2&search=SierraSoft,1,1,1,1
1003,Germany,2023-04-26,/marktplatz%3Ftab=0?tab=0&search=SierraSoft%20Roads%20%2F%20Hydro%20%2F%20Land%20%2F%20Rails,1,1,1,1
985,Germany,2023-04-26,/login%3Fcode=DcJjjx?tab=2,1,1,1,21
146,Germany,2023-04-26,/marktplatz%3Ftab=0&attr=118?tab=0&attr=118,3,1,1,25
1036,Germany,2023-04-26,/marktplatz?tab=2&search=ORCA%20Software%20GmbH,1,1,1,1
983,Germany,2023-04-26,/login%3Fcode=DcJjjx?tab=0&orgId=221&search=SierraSoft,1,1,1,1
1034,Germany,2023-04-26,/marktplatz?tab=2&orgId=96&organisationId=96,1,1,1,20
1005,Germany,2023-04-26,/marktplatz%3Ftab=0?tab=0&search=ausbildungsinhalte,1,1,1,10
1006,Germany,2023-04-26,/marktplatz%3Ftab=0?tab=0&search=forschungsinhalte,1,1,1,7
1007,Germany,2023-04-26,/marktplatz%3Ftab=0?tab=0&search=qualifizierungsleitfade&productId=264,1,1,1,2
1008,Germany,2023-04-26,/marktplatz%3Ftab=0?tab=0&search=qualifizierungsleitfaden,1,1,1,1
1009,Germany,2023-04-26,/marktplatz%3Ftab=0?tab=0&search=qualifizierungsleitfaden&productId=264,1,1,1,22
1010,Germany,2023-04-26,/marktplatz%3Ftab=0?tab=0&search=qualifizierungsleitfaden&productId=264&orgId=234,1,1,1,18
1011,Germany,2023-04-26,/marktplatz%3Ftab=0?tab=2&search=SierraSoft%20Roads%20%2F%20Hydro%20%2F%20Land%20%2F%20Rails&orgId=221&organisationId=221,1,1,1,19
1012,Germany,2023-04-26,/marktplatz?tab=0&appSubPro=53&productId=53,1,1,1,2
1013,Germany,2023-04-26,/marktplatz?tab=0&orgId=41&ptgId=45,1,1,1,2
1014,Germany,2023-04-26,/marktplatz?tab=0&orgId=41&search=ORCA%20Software%20GmbH,1,2,1,5
1015,Germany,2023-04-26,/marktplatz?tab=0&orgId=41&search=ORCA%20Software%20GmbH&ptgId=45,1,1,1,4
1016,Germany,2023-04-26,/marktplatz?tab=0&ptgId=45&productId=195,1,1,1,70
1017,Germany,2023-04-26,/marktplatz?tab=0&ptgId=45&ptgId=57,1,1,1,4
1018,Germany,2023-04-26,/marktplatz?tab=0&ptgId=57,1,1,1,11
1019,Germany,2023-04-26,/marktplatz?tab=0&ptgId=65,1,1,1,1
1020,Germany,2023-04-26,/marktplatz?tab=0&ptgId=66&attr=143,1,1,1,1
1021,Germany,2023-04-26,/marktplatz?tab=0&ptgId=66&productId=317,1,1,1,22
1022,Germany,2023-04-26,/marktplatz?tab=0&ptgId=66&productId=318,1,1,1,22
1023,Germany,2023-04-26,/marktplatz?tab=0&search=AUSSCHREIBEN.DE,1,1,1,1
1024,Germany,2023-04-26,/marktplatz?tab=0&search=AUSSCHREIBEN.DE&productId=311,1,1,1,5
1025,Germany,2023-04-26,/marktplatz?tab=0&search=DBS,1,1,1,1
1026,Germany,2023-04-26,/marktplatz?tab=0&search=DBS&productId=84,1,1,1,2
1027,Germany,2023-04-26,/marktplatz?tab=0&search=ORCA%20AVA,1,2,1,1
1028,Germany,2023-04-26,/marktplatz?tab=0&search=Planersoftware%202.0%20&productId=241,1,1,1,2
1029,Germany,2023-04-26,/marktplatz?tab=0&search=Windoplan&productId=122,1,1,1,1
1030,Germany,2023-04-26,/marktplatz?tab=0&search=orca&productId=195,1,1,1,6
1031,Germany,2023-04-26,/marktplatz?tab=1,1,1,1,16
1032,Germany,2023-04-26,/marktplatz?tab=1&certifiId=34&certificationId=34,1,1,1,12
1033,Germany,2023-04-26,/marktplatz?tab=2&orgId=41&organisationId=41,1,1,1,12
984,Germany,2023-04-26,/login%3Fcode=DcJjjx?tab=0&orgId=221&search=SierraSoft&productId=238,1,1,1,6
986,Germany,2023-04-26,/login%3Fcode=DcJjjx?tab=2&search=JWS,1,1,1,14
982,Germany,2023-04-26,/login%3Fcode=DcJjjx?tab=0,1,1,1,3
1268,Germany,2023-04-26,/marktplatz%3Ftab=0?tab=0&attr=111&attr=112,0,1,1,1
289,Germany,2023-04-26,/marktplatz%3Ftab=0&attr=86?tab=0&attr=86,2,1,1,17
290,Germany,2023-04-26,/marktplatz%3Ftab=0?tab=0&attr=111,2,1,1,3
981,Germany,2023-04-26,/login%3Fcode=DcJjjx?code=DcJjjx,1,1,1,0
292,Germany,2023-04-26,/marktplatz%3Ftab=0?tab=0&search=qualifizierungsleitfade,2,1,1,16
293,Germany,2023-04-26,/marktplatz?tab=0&orgId=41,2,2,1,39
294,Germany,2023-04-26,/marktplatz?tab=0&ptgId=45,2,1,1,19
24,Germany,2023-04-26,/marktplatz?tab=0,16,17,10,232
23,Germany,2023-04-26,/marktplatz%3Ftab=0?tab=0,16,10,6,386
1266,Germany,2023-04-26,/login,0,1,1,0
295,Germany,2023-04-26,/marktplatz?tab=0&search=Planersoftware%202.0%20,2,1,1,11
1267,Germany,2023-04-26,/login%3Fcode=DcJjjx?tab=0&orgId=221,0,1,1,14
1269,Germany,2023-04-26,/marktplatz?tab=0&attr=86&productId=280,0,1,1,0
287,Germany,2023-04-26,/,2,7,6,2
296,Germany,2023-04-26,/marktplatz?tab=0&search=Windoplan,2,1,1,4
1270,Germany,2023-04-26,/marktplatz?tab=0&search=NEVARIS%20Build&productId=53,0,1,1,0
1271,Germany,2023-04-26,/organisations/41/products/195,0,1,1,0
297,Germany,2023-04-26,/marktplatz?tab=0&search=orca,2,2,1,18
1272,Germany,2023-04-26,/organisations/41/products/195/edit,0,1,1,0
11,Germany,2023-04-26,/marktplatz,36,8,7,219
1273,Germany,2023-04-26,/organisations/64/products/84,0,1,1,0
1274,Germany,2023-04-26,/organisations/undefined/products,0,1,1,0
1275,Germany,2023-04-26,/registry/confirm?code=b2ef2eae-b83e-4438-b2d4-e536d3515111,0,1,1,0
298,Germany,2023-04-26,/marktplatz?tab=2,2,2,2,58
299,Germany,2023-04-26,/organisations/41/information?tab=0&search=ORCA%20AVA,2,2,1,25
288,Germany,2023-04-26,/marktplatz%3Ftab=0&attr=118,2,1,1,17
291,Germany,2023-04-26,/marktplatz%3Ftab=0?tab=0&attr=112,2,1,1,2
1004,Germany,2023-04-26,/marktplatz%3Ftab=0?tab=0&search=SierraSoft%20Roads%20%2F%20Hydro%20%2F%20Land%20%2F%20Rails&productId=238,1,1,1,2
42,Germany,2023-04-26,/marktplatz%3Ftab=0,10,2,2,344
975,Germany,2023-04-25,/marktplatz?tab=0&ptgId=45&ptgId=64,1,1,1,1
971,Germany,2023-04-25,/marktplatz?tab=0&productId=331,1,1,1,2
972,Germany,2023-04-25,/marktplatz?tab=0&productId=337,1,1,1,3
973,Germany,2023-04-25,/marktplatz?tab=0&ptgId=27,1,1,1,1
974,Germany,2023-04-25,/marktplatz?tab=0&ptgId=45,1,1,1,46
948,Germany,2023-04-25,/marktplatz%3Ftab=0&ptgId=45&productId=195?tab=0&ptgId=45,1,1,1,4
947,Germany,2023-04-25,/marktplatz%3Ftab=0&ptgId=45&productId=195?tab=0,1,1,1,8
946,Germany,2023-04-25,/marktplatz%3Ftab=0&productId=336?tab=2,1,1,1,6
945,Germany,2023-04-25,/marktplatz%3Ftab=0&productId=336?tab=1&certificationId=34,1,1,1,11
976,Germany,2023-04-25,/marktplatz?tab=0&ptgId=64&attr=142,1,1,1,1
969,Germany,2023-04-25,/marktplatz?tab=0&productId=316,1,1,1,7
977,Germany,2023-04-25,/marktplatz?tab=0&ptgId=66&attr=139,1,1,1,1
978,Germany,2023-04-25,/marktplatz?tab=0&ptgId=66&attr=141,1,1,1,1
979,Germany,2023-04-25,/marktplatz?tab=0&ptgId=66&attr=142,1,1,1,1
980,Germany,2023-04-25,/resetPassword,1,1,1,23
954,Germany,2023-04-25,/marktplatz%3Ftab=0&rating=5&rating=4&rating=3&rating=2&rating=1?tab=0&search=DBS%20WinDo%20Planning&productId=84,1,1,1,16
953,Germany,2023-04-25,/marktplatz%3Ftab=0&rating=5&rating=4&rating=3&rating=2&rating=1?tab=0&search=DBS%20WinDo%20Planning,1,1,1,1
952,Germany,2023-04-25,/marktplatz%3Ftab=0&rating=5&rating=4&rating=3&rating=2&rating=1?tab=0&rating=5&rating=4&rating=3&rating=2&rating=1&search=DBS%20WinDo%20Planning,1,1,1,1
951,Germany,2023-04-25,/marktplatz%3Ftab=0&rating=5&rating=4&rating=3&rating=2&rating=1?tab=0,1,1,1,12
970,Germany,2023-04-25,/marktplatz?tab=0&productId=323,1,1,1,6
961,Germany,2023-04-25,/marktplatz?tab=0&attr=109&productId=278,1,1,1,64
962,Germany,2023-04-25,/marktplatz?tab=0&attr=140,1,1,1,10
968,Germany,2023-04-25,/marktplatz?tab=0&attr=84&productId=280,1,1,1,84
963,Germany,2023-04-25,/marktplatz?tab=0&attr=142&ptgId=64,1,1,1,1
145,Germany,2023-04-25,/marktplatz?tab=0&ptgId=66,3,1,1,47
144,Germany,2023-04-25,/marktplatz?tab=0&attr=142,3,1,1,32
143,Germany,2023-04-25,/marktplatz%3Ftab=0?tab=0,3,2,2,72
944,Germany,2023-04-25,/marktplatz%3Ftab=0&productId=336?tab=1&certifiId=34&certificationId=34,1,1,1,113
964,Germany,2023-04-25,/marktplatz?tab=0&attr=142&ptgId=66,1,1,1,1
943,Germany,2023-04-25,/marktplatz%3Ftab=0&productId=336?tab=1,1,1,1,6
965,Germany,2023-04-25,/marktplatz?tab=0&attr=5,1,1,1,1
960,Germany,2023-04-25,/marktplatz?tab=0&attr=109&productId=233,1,1,1,6
959,Germany,2023-04-25,/marktplatz?tab=0&attr=109,1,1,1,1
958,Germany,2023-04-25,/marktplatz?tab=0&attr=105&productId=208,1,1,1,34
957,Germany,2023-04-25,/marktplatz?tab=0&attr=105,1,1,1,1
966,Germany,2023-04-25,/marktplatz?tab=0&attr=82,1,1,1,1
942,Germany,2023-04-25,/marktplatz%3Ftab=0&productId=336?tab=0&ptgId=64,1,1,1,1
941,Germany,2023-04-25,/login,1,1,1,18
956,Germany,2023-04-25,/marktplatz?tab=0&attr=104&attr=105,1,1,1,1
967,Germany,2023-04-25,/marktplatz?tab=0&attr=84,1,1,1,1
955,Germany,2023-04-25,/marktplatz?tab=0&attr=104,1,1,1,28
1307,United States,2023-04-25,/,0,1,1,0
950,Germany,2023-04-25,/marktplatz%3Ftab=0&ptgId=45&productId=195?tab=0&ptgId=45&productId=195,1,1,1,0
1262,Germany,2023-04-25,/,0,4,4,0
279,Germany,2023-04-25,/marktplatz%3Ftab=0&productId=336,2,1,1,55
280,Germany,2023-04-25,/marktplatz%3Ftab=0&productId=336?tab=0,2,1,1,251
281,Germany,2023-04-25,/marktplatz%3Ftab=0&productId=336?tab=0&productId=336,2,1,1,16
283,Germany,2023-04-25,/marktplatz?tab=0&attr=139,2,1,1,21
284,Germany,2023-04-25,/marktplatz?tab=0&productId=325,2,1,1,17
285,Germany,2023-04-25,/marktplatz?tab=0&ptgId=64,2,1,1,10
286,Germany,2023-04-25,/marktplatz?tab=1,2,3,2,213
30,Germany,2023-04-25,/marktplatz,14,5,5,24
282,Germany,2023-04-25,/marktplatz%3Ftab=0&rating=5&rating=4&rating=3&rating=2&rating=1?tab=0&rating=5&rating=4&rating=3&rating=2&rating=1,2,2,1,32
1263,Germany,2023-04-25,/marktplatz?tab=0&ptgId=45&productId=195,0,1,1,0
1265,Germany,2023-04-25,/organisations/64/products/84,0,1,1,0
22,Germany,2023-04-25,/marktplatz?tab=0,16,6,6,518
949,Germany,2023-04-25,/marktplatz%3Ftab=0&ptgId=45&productId=195?tab=0&ptgId=45&appSubPro=195&productId=195,1,1,1,2
1264,Germany,2023-04-25,/marktplatz?tab=0&rating=5&rating=4&rating=3&rating=2&rating=1,0,2,1,7
274,Germany,2023-04-24,/marktplatz?tab=0&attr=86&ptgId=19&productId=245,2,1,1,9
903,Germany,2023-04-24,/marktplatz%3Ftab=0&category=CONTENT&appSubPro=279&productId=279?tab=0&category=CONTENT&productId=279,1,1,1,6
902,Germany,2023-04-24,/marktplatz%3Ftab=0&category=CONTENT&appSubPro=279&productId=279?tab=0&category=CONTENT&appSubPro=279&productId=279,1,1,1,2
269,Germany,2023-04-24,/marktplatz%3Ftab=0&attr=141?tab=0&attr=141,2,2,1,10
270,Germany,2023-04-24,/marktplatz%3Ftab=0&ptgId=45&productId=195?tab=0&ptgId=45&appSubPro=195&productId=195,2,2,1,13
271,Germany,2023-04-24,/marktplatz%3Ftab=0&ptgId=45&productId=195?tab=0&ptgId=45&productId=195,2,2,1,0
272,Germany,2023-04-24,/marktplatz%3Ftab=1?tab=1,2,1,1,47
273,Germany,2023-04-24,/marktplatz?tab=0&attr=86&attr=105,2,2,1,8
277,Germany,2023-04-24,/marktplatz?tab=0&productId=334,2,1,1,38
275,Germany,2023-04-24,/marktplatz?tab=0&certificationType=ATTRIBUTE_CERT,2,1,1,53
276,Germany,2023-04-24,/marktplatz?tab=0&productId=324,2,1,1,28
278,Germany,2023-04-24,/marktplatz?tab=1,2,2,2,17
474,China,2023-04-24,/marktplatz?tab=0,1,1,1,3
475,China,2023-04-24,/marktplatz?tab=0&productId=181,1,1,1,9
905,Germany,2023-04-24,/marktplatz%3Ftab=0&productId=323?tab=0&appSubPro=323&productId=323,1,1,1,4
900,Germany,2023-04-24,/marktplatz%3Ftab=0&attr=141?tab=0,1,1,1,2
901,Germany,2023-04-24,/marktplatz%3Ftab=0&attr=141?tab=0&attr=140,1,1,1,1
904,Germany,2023-04-24,/marktplatz%3Ftab=0&productId=323?tab=0,1,1,1,64
940,Germany,2023-04-24,/marktplatz?tab=0&search=zertifizierungsstellen,1,1,1,15
939,Germany,2023-04-24,/marktplatz?tab=0&search=zertifizierung,1,1,1,5
923,Germany,2023-04-24,/marktplatz?tab=0&productId=322,1,1,1,3
938,Germany,2023-04-24,/marktplatz?tab=0&search=bimkit,1,1,1,22
937,Germany,2023-04-24,/marktplatz?tab=0&search=101:%20Texterkennung%20(Lokalisierung)%20in%20Pl%C3%A4nen&productId=323,1,1,1,18
936,Germany,2023-04-24,/marktplatz?tab=0&search=101:%20Texterkennung%20(Lokalisierung)%20in%20Pl%C3%A4nen,1,1,1,1
935,Germany,2023-04-24,/marktplatz?tab=0&rating=5&rating=4&rating=3&rating=2&rating=1,1,1,1,1
934,Germany,2023-04-24,/marktplatz?tab=0&rating=5&rating=4&rating=3&rating=2,1,1,1,1
933,Germany,2023-04-24,/marktplatz?tab=0&rating=5&rating=4,1,1,1,1
932,Germany,2023-04-24,/marktplatz?tab=0&productId=337,1,1,1,3
931,Germany,2023-04-24,/marktplatz?tab=0&productId=336,1,1,1,2
930,Germany,2023-04-24,/marktplatz?tab=0&productId=335,1,1,1,1
929,Germany,2023-04-24,/marktplatz?tab=0&productId=333,1,1,1,3
927,Germany,2023-04-24,/marktplatz?tab=0&productId=330,1,1,1,2
926,Germany,2023-04-24,/marktplatz?tab=0&productId=329,1,1,1,2
925,Germany,2023-04-24,/marktplatz?tab=0&productId=328,1,1,1,2
924,Germany,2023-04-24,/marktplatz?tab=0&productId=327,1,1,1,2
922,Germany,2023-04-24,/marktplatz?tab=0&productId=320,1,1,1,2
907,Germany,2023-04-24,/marktplatz%3Ftab=0&productId=323?tab=0&productId=334,1,2,1,73
921,Germany,2023-04-24,/marktplatz?tab=0&productId=319,1,1,1,1
920,Germany,2023-04-24,/marktplatz?tab=0&productId=318,1,1,1,1
919,Germany,2023-04-24,/marktplatz?tab=0&productId=317,1,1,1,1
918,Germany,2023-04-24,/marktplatz?tab=0&productId=316,1,1,1,5
917,Germany,2023-04-24,/marktplatz?tab=0&certificationType=ATTRIBUTE_CERT&certificationType=PTG_CERT,1,1,1,2
916,Germany,2023-04-24,/marktplatz?tab=0&category=CONTENT&appSubPro=279&productId=279,1,1,1,2
915,Germany,2023-04-24,/marktplatz?tab=0&attr=86&ptgId=19&productId=280,1,1,1,15
914,Germany,2023-04-24,/marktplatz?tab=0&attr=86&ptgId=19&productId=248,1,1,1,48
913,Germany,2023-04-24,/marktplatz?tab=0&attr=86&ptgId=19&productId=243,1,1,1,0
912,Germany,2023-04-24,/marktplatz?tab=0&attr=86&ptgId=19&productId=146,1,1,1,156
911,Germany,2023-04-24,/marktplatz?tab=0&attr=86&productId=220,1,1,1,12
910,Germany,2023-04-24,/marktplatz?tab=0&attr=86&productId=193,1,1,1,15
909,Germany,2023-04-24,/marktplatz?tab=0&attr=86&attr=105&attr=104,1,1,1,1
908,Germany,2023-04-24,/marktplatz?tab=0&attr=20,1,1,1,1
906,Germany,2023-04-24,/marktplatz%3Ftab=0&productId=323?tab=0&productId=323,1,1,1,0
928,Germany,2023-04-24,/marktplatz?tab=0&productId=332,1,1,1,3
1104,United States,2023-04-24,/marktplatz,1,1,1,6
1256,Germany,2023-04-24,/marktplatz%3Ftab=0&ptgId=45&productId=195?tab=0,0,1,1,36
1257,Germany,2023-04-24,/marktplatz?tab=0&attr=141,0,2,1,0
1258,Germany,2023-04-24,/marktplatz?tab=0&category=CONTENT&productId=279,0,1,1,0
1259,Germany,2023-04-24,/marktplatz?tab=0&ptgId=45&productId=195,0,2,1,0
1260,Germany,2023-04-24,/marktplatz?tab=0&rating=5,0,1,1,0
1306,United States,2023-04-24,/,0,1,1,0
99,Germany,2023-04-24,/marktplatz?tab=0&attr=86,4,2,1,109
100,Germany,2023-04-24,/marktplatz?tab=0&productId=323,4,3,2,43
1255,Germany,2023-04-24,/,0,6,5,0
111,China,2023-04-24,/marktplatz,3,1,1,42
1261,Germany,2023-04-24,/marktplatz?tab=0&rating=5&rating=4&rating=3,0,1,1,0
1137,China,2023-04-24,/,0,1,1,0
1138,China,2023-04-24,/marktplatz?tab=0&appSubPro=282&productId=282,0,1,1,11
142,Germany,2023-04-24,/marktplatz?tab=0&attr=86&ptgId=19,3,2,1,126
20,Germany,2023-04-24,/marktplatz?tab=0,18,11,7,444
16,Germany,2023-04-24,/marktplatz,25,7,5,148
899,Germany,2023-04-23,/marktplatz,1,1,1,1
268,Germany,2023-04-23,/marktplatz%3Ftab=0?tab=0,2,1,1,4
1254,Germany,2023-04-23,/,0,1,1,0
1305,United States,2023-04-23,/,0,2,2,0
1285,Nigeria,2023-04-22,/marktplatz,0,1,1,0
1082,Nigeria,2023-04-22,/marktplatz?tab=0,1,1,1,12
890,Germany,2023-04-21,/marktplatz%3Ftab=0?tab=0&search=DBS&productId=84,1,1,1,2
141,Germany,2023-04-21,/marktplatz?tab=0,3,5,4,42
898,Germany,2023-04-21,/marktplatz?tab=1&orgId=191,1,1,1,2
897,Germany,2023-04-21,/marktplatz?tab=1&orgId=164&orgId=191,1,1,1,4
896,Germany,2023-04-21,/marktplatz?tab=1&orgId=164,1,1,1,17
895,Germany,2023-04-21,/marktplatz?tab=0&ptgId=45&productId=195,1,1,1,40
892,Germany,2023-04-21,/marktplatz?tab=0&attr=140,1,1,1,7
891,Germany,2023-04-21,/marktplatz%3Ftab=0?tab=0&search=VEKA,1,1,1,4
893,Germany,2023-04-21,/marktplatz?tab=0&attr=141,1,2,1,1
889,Germany,2023-04-21,/marktplatz%3Ftab=0?tab=0&search=DBS,1,1,1,1
98,Germany,2023-04-21,/marktplatz,4,3,3,3
888,Germany,2023-04-21,/marktplatz%3Ftab=0&attr=141?tab=0&attr=141,1,1,1,7
1253,Germany,2023-04-21,/,0,3,3,0
267,Germany,2023-04-21,/marktplatz?tab=1,2,1,1,25
266,Germany,2023-04-21,/marktplatz%3Ftab=0?tab=0,2,1,1,4
894,Germany,2023-04-21,/marktplatz?tab=0&ptgId=45,1,1,1,55
845,Germany,2023-04-20,/marktplatz%3Ftab=0&attr=140?tab=0&attr=140&productId=328,1,1,1,1
847,Germany,2023-04-20,/marktplatz%3Ftab=0?tab=0&orgId=202,1,1,1,1
844,Germany,2023-04-20,/marktplatz%3Ftab=0&attr=140?tab=0&attr=140&productId=326,1,1,1,21
843,Germany,2023-04-20,/composer/template/new?tab=1&certificationId=34,1,1,1,16
842,Germany,2023-04-20,/composer/template/new?tab=0&search=IFC,1,1,1,10
846,Germany,2023-04-20,/marktplatz%3Ftab=0?tab=0&attr=24&productId=254,1,1,1,95
841,Germany,2023-04-20,/composer/template/new?tab=0&search=301:%20Bauteilinformationen%20aus%20Bauwerksb%C3%BCchern%20von%20Br%C3%BCcke,1,1,1,10
840,Germany,2023-04-20,/composer/template/new?tab=0&search=128:%20IFC-Modell%20Generierung&productId=331,1,1,1,3
180,Austria,2023-04-20,/marktplatz%3Ftab=1?tab=0&ptgId=7&certificationType=PTG_CERT,2,1,1,313
848,Germany,2023-04-20,/marktplatz%3Ftab=0?tab=0&productId=143,1,1,1,5
849,Germany,2023-04-20,/marktplatz%3Ftab=0?tab=0&productId=325,1,1,1,6
867,Germany,2023-04-20,/marktplatz?tab=0&certificationType=ATTRIBUTE_CERT,1,1,1,14
866,Germany,2023-04-20,/marktplatz?tab=0&category=SERVICE,1,1,1,81
865,Germany,2023-04-20,/marktplatz?tab=0&attr=93,1,2,1,2
864,Germany,2023-04-20,/marktplatz?tab=0&attr=88&attr=93,1,1,1,3
863,Germany,2023-04-20,/marktplatz?tab=0&attr=88,1,1,1,6
862,Germany,2023-04-20,/marktplatz?tab=0&attr=79,1,1,1,22
861,Germany,2023-04-20,/marktplatz?tab=0&attr=31&ptgId=57&ptgId=7,1,1,1,14
860,Germany,2023-04-20,/marktplatz?tab=0&attr=31&ptgId=57,1,1,1,12
859,Germany,2023-04-20,/marktplatz?tab=0&attr=31&productId=251,1,1,1,31
858,Germany,2023-04-20,/marktplatz?tab=0&attr=31&attr=27&productId=80,1,1,1,4
857,Germany,2023-04-20,/marktplatz?tab=0&attr=31&attr=27&productId=230,1,1,1,4
856,Germany,2023-04-20,/marktplatz?tab=0&attr=31&attr=27&productId=126,1,1,1,90
855,Germany,2023-04-20,/marktplatz?tab=0&attr=31&attr=124,1,1,1,2
854,Germany,2023-04-20,/marktplatz?tab=0&attr=14&attr=124&productId=308,1,1,1,23
853,Germany,2023-04-20,/marktplatz?tab=0&attr=14&attr=124&productId=289,1,1,1,7
852,Germany,2023-04-20,/marktplatz?tab=0&attr=14&attr=124&productId=280,1,1,1,3
851,Germany,2023-04-20,/marktplatz?tab=0&attr=14,1,1,1,31
838,Germany,2023-04-20,/composer/template/new?tab=0&ptgId=66,1,1,1,3
850,Germany,2023-04-20,/marktplatz%3Ftab=0?tab=0&ptgId=64,1,1,1,1
839,Germany,2023-04-20,/composer/template/new?tab=0&rating=2,1,1,1,1
830,Germany,2023-04-20,/composer/template/new?tab=0&productId=335,1,1,1,3
837,Germany,2023-04-20,/composer/template/new?tab=0&ptgId=65,1,1,1,1
468,Austria,2023-04-20,/marktplatz%3Ftab=1&certificationId=24?tab=1&certifiId=24&certificationId=24,1,1,1,7
808,Germany,2023-04-20,/composer/template/new?tab=0&category=SERVICE,1,1,1,50
807,Germany,2023-04-20,/composer/template/new?tab=0&attr=23,1,1,1,9
806,Germany,2023-04-20,/composer/template/new?tab=0&attr=141,1,1,1,1
805,Germany,2023-04-20,/composer/template/new?tab=0&attr=110,1,1,1,14
804,Germany,2023-04-20,/composer/template/new?tab=0&attr=109,1,1,1,5
1,Germany,2023-04-20,/marktplatz,163,6,5,1736
473,Austria,2023-04-20,/marktplatz%3Ftab=1?tab=1&certifiId=27&certificationId=27,1,1,1,56
472,Austria,2023-04-20,/marktplatz%3Ftab=1?tab=0&ptgId=7&certificationType=PTG_CERT&productId=13,1,1,1,181
471,Austria,2023-04-20,/marktplatz%3Ftab=1?tab=0&ptgId=7,1,1,1,68
470,Austria,2023-04-20,/marktplatz%3Ftab=1?tab=0&productId=203,1,1,1,20
469,Austria,2023-04-20,/marktplatz%3Ftab=1&certificationId=24?tab=1&certifiId=34&certificationId=34,1,2,1,35
467,Austria,2023-04-20,/marktplatz%3Ftab=1&certificationId=24?tab=1,1,1,1,3
836,Germany,2023-04-20,/composer/template/new?tab=0&ptgId=64,1,1,1,1
466,Austria,2023-04-20,/marktplatz%3Ftab=1&certificationId=24?tab=0&productId=334,1,1,1,13
465,Austria,2023-04-20,/marktplatz%3Ftab=1&certificationId=24?tab=0,1,1,1,3
464,Austria,2023-04-20,/marktplatz%3Ftab=0&rating=5&rating=4&rating=3&rating=2&rating=1&appSubPro=309&productId=309?tab=1,1,1,1,8
463,Austria,2023-04-20,/marktplatz%3Ftab=0&rating=5&rating=4&rating=3&rating=2&rating=1&appSubPro=309&productId=309?tab=0&rating=5&rating=4&rating=3&rating=2&rating=1,1,1,1,0
462,Austria,2023-04-20,/marktplatz%3Ftab=0&ptgId=66&productId=322?tab=2&orgId=261&organisationId=261,1,1,1,195
461,Austria,2023-04-20,/marktplatz%3Ftab=0&ptgId=66&productId=322?tab=2,1,1,1,0
460,Austria,2023-04-20,/marktplatz%3Ftab=0&ptgId=66&productId=322?tab=1&certificationId=24,1,2,1,9
459,Austria,2023-04-20,/marktplatz%3Ftab=0&ptgId=66&productId=322?tab=0&ptgId=66&productId=322,1,1,1,0
458,Austria,2023-04-20,/marktplatz%3Ftab=0&ptgId=66&productId=322?tab=0&ptgId=66&appSubPro=322&productId=322,1,1,1,3
457,Austria,2023-04-20,/marktplatz%3Ftab=0&ptgId=66&productId=322?tab=0&ptgId=66,1,1,1,4
456,Austria,2023-04-20,/marktplatz%3Ftab=0&ptgId=66&productId=322?tab=0&ptgId=64&productId=316,1,1,1,39
809,Germany,2023-04-20,/composer/template/new?tab=0&certificationType=PTG_CERT,1,1,1,42
810,Germany,2023-04-20,/composer/template/new?tab=0&certificationType=PTG_CERT&certifiId=34,1,1,1,1
811,Germany,2023-04-20,/composer/template/new?tab=0&productId=316,1,1,1,8
812,Germany,2023-04-20,/composer/template/new?tab=0&productId=317,1,1,1,1
835,Germany,2023-04-20,/composer/template/new?tab=0&ptgId=20,1,1,1,1
834,Germany,2023-04-20,/composer/template/new?tab=0&productId=339,1,1,1,5
833,Germany,2023-04-20,/composer/template/new?tab=0&productId=338,1,1,1,6
832,Germany,2023-04-20,/composer/template/new?tab=0&productId=337,1,1,1,5
831,Germany,2023-04-20,/composer/template/new?tab=0&productId=336,1,1,1,2
869,Germany,2023-04-20,/marktplatz?tab=0&certificationType=ATTRIBUTE_CERT&ptgId=57&productId=151,1,1,1,6
829,Germany,2023-04-20,/composer/template/new?tab=0&productId=334,1,1,1,1
828,Germany,2023-04-20,/composer/template/new?tab=0&productId=333,1,1,1,5
827,Germany,2023-04-20,/composer/template/new?tab=0&productId=332,1,1,1,1
826,Germany,2023-04-20,/composer/template/new?tab=0&productId=331,1,1,1,1
825,Germany,2023-04-20,/composer/template/new?tab=0&productId=330,1,1,1,1
824,Germany,2023-04-20,/composer/template/new?tab=0&productId=329,1,1,1,2
823,Germany,2023-04-20,/composer/template/new?tab=0&productId=328,1,1,1,1
822,Germany,2023-04-20,/composer/template/new?tab=0&productId=327,1,1,1,1
821,Germany,2023-04-20,/composer/template/new?tab=0&productId=326,1,1,1,1
820,Germany,2023-04-20,/composer/template/new?tab=0&productId=325,1,1,1,3
819,Germany,2023-04-20,/composer/template/new?tab=0&productId=324,1,1,1,2
818,Germany,2023-04-20,/composer/template/new?tab=0&productId=323,1,1,1,107
817,Germany,2023-04-20,/composer/template/new?tab=0&productId=322,1,1,1,3
816,Germany,2023-04-20,/composer/template/new?tab=0&productId=321,1,1,1,3
815,Germany,2023-04-20,/composer/template/new?tab=0&productId=320,1,1,1,1
814,Germany,2023-04-20,/composer/template/new?tab=0&productId=319,1,1,1,7
813,Germany,2023-04-20,/composer/template/new?tab=0&productId=318,1,1,1,2
868,Germany,2023-04-20,/marktplatz?tab=0&certificationType=ATTRIBUTE_CERT&ptgId=57,1,1,1,17
871,Germany,2023-04-20,/marktplatz?tab=0&productId=143,1,1,1,7
870,Germany,2023-04-20,/marktplatz?tab=0&certificationType=PTG_CERT&certifiId=34,1,1,1,1
265,Germany,2023-04-20,/marktplatz?tab=0&search=128:%20IFC-Modell%20Generierung,2,1,1,45
179,Austria,2023-04-20,/marktplatz%3Ftab=0&ptgId=66&productId=322?tab=1&certifiId=33&certificationId=33,2,1,1,31
1133,Austria,2023-04-20,/marktplatz?tab=0&search=DBS%20WinDo%20Planning&productId=84,0,1,1,0
1134,Austria,2023-04-20,/marktplatz?tab=1,0,2,1,0
1135,Austria,2023-04-20,/marktplatz?tab=1&certificationId=24,0,1,1,0
1136,Austria,2023-04-20,/marktplatz?tab=2,0,1,1,0
254,Germany,2023-04-20,/composer/template/new?tab=0&attr=140,2,1,1,99
255,Germany,2023-04-20,/composer/template/new?tab=0&search=128:%20IFC-Modell%20Generierung,2,1,1,42
256,Germany,2023-04-20,/composer/template/new?tab=1,2,1,1,26
257,Germany,2023-04-20,/marktplatz%3Ftab=0?tab=0&attr=24,2,2,1,47
258,Germany,2023-04-20,/marktplatz?tab=0&attr=124,2,2,2,24
259,Germany,2023-04-20,/marktplatz?tab=0&attr=14&attr=124&productId=255,2,1,1,6
260,Germany,2023-04-20,/marktplatz?tab=0&attr=31&attr=27&productId=156,2,1,1,52
261,Germany,2023-04-20,/marktplatz?tab=0&certificationType=PTG_CERT,2,1,1,55
262,Germany,2023-04-20,/marktplatz?tab=0&ptgId=57&ptgId=7,2,1,1,91
263,Germany,2023-04-20,/marktplatz?tab=0&ptgId=57&ptgId=7&productId=13,2,1,1,4
1131,Austria,2023-04-20,/marktplatz?tab=0&ptgId=66&productId=322,0,1,1,0
1130,Austria,2023-04-20,/marktplatz%3Ftab=0&ptgId=45&productId=195?tab=0&search=DBS%20WinDo%20Planning&productId=84,0,1,1,0
80,Germany,2023-04-20,/marktplatz?tab=0&attr=31,5,3,3,99
97,Germany,2023-04-20,/marktplatz?tab=0&ptgId=65,4,1,1,7
178,Austria,2023-04-20,/marktplatz%3Ftab=0&ptgId=66&productId=322?tab=1,2,2,1,31
177,Austria,2023-04-20,/marktplatz%3Ftab=0&ptgId=66&productId=322?tab=0,2,1,1,76
140,Germany,2023-04-20,/profil/nutzerverwaltung,3,1,1,32
139,Germany,2023-04-20,/marktplatz?tab=0&ptgId=66,3,1,1,126
138,Germany,2023-04-20,/marktplatz?tab=0&productId=203,3,1,1,18
110,Austria,2023-04-20,/marktplatz%3Ftab=1?tab=0,3,1,1,177
96,Germany,2023-04-20,/marktplatz?tab=0&ptgId=64,4,1,1,4
81,Germany,2023-04-20,/marktplatz?tab=0&attr=31&attr=27,5,1,1,136
95,Germany,2023-04-20,/marktplatz?tab=0&attr=14&attr=124,4,1,1,169
94,Germany,2023-04-20,/marktplatz%3Ftab=0&attr=140?tab=0&attr=140,4,2,1,23
1102,United States,2023-04-20,/marktplatz,1,1,1,0
454,Austria,2023-04-20,/marktplatz%3Ftab=0&ptgId=66&productId=322?tab=0&productId=329,1,1,1,19
1103,United States,2023-04-20,/marktplatz?tab=0,1,1,1,0
84,Austria,2023-04-20,/marktplatz%3Ftab=1?tab=1,4,2,1,27
264,Germany,2023-04-20,/marktplatz?tab=0&ptgId=57&ptgId=7&productId=151,2,1,1,20
1132,Austria,2023-04-20,/marktplatz?tab=0&rating=5&rating=4&rating=3&rating=2&rating=1,0,1,1,0
455,Austria,2023-04-20,/marktplatz%3Ftab=0&ptgId=66&productId=322?tab=0&ptgId=64,1,1,1,1
878,Germany,2023-04-20,/marktplatz?tab=1&certifiId=25&certificationId=25,1,1,1,4
887,Germany,2023-04-20,/profil/nutzerverwaltung?tab=0,1,1,1,9
886,Germany,2023-04-20,/marktplatz?tab=2&orgId=198&organisationId=198,1,1,1,14
885,Germany,2023-04-20,/marktplatz?tab=2,1,1,1,61
884,Germany,2023-04-20,/marktplatz?tab=1&certificationId=34,1,1,1,16
883,Germany,2023-04-20,/marktplatz?tab=1&certificationId=27,1,1,1,25
882,Germany,2023-04-20,/marktplatz?tab=1&certificationId=25,1,1,1,7
4,Germany,2023-04-20,/composer/template/new,87,3,1,612
881,Germany,2023-04-20,/marktplatz?tab=1&certificationId=18,1,1,1,34
13,Germany,2023-04-20,/marktplatz?tab=0,30,7,6,529
26,Germany,2023-04-20,/composer/template/new?tab=0,15,4,1,172
40,Germany,2023-04-20,/marktplatz%3Ftab=0,10,2,1,1036
41,Germany,2023-04-20,/marktplatz%3Ftab=0?tab=0,10,4,2,222
880,Germany,2023-04-20,/marktplatz?tab=1&certificationId=16,1,1,1,103
879,Germany,2023-04-20,/marktplatz?tab=1&certifiId=27&certificationId=27,1,1,1,17
1304,United States,2023-04-20,/,0,1,1,0
877,Germany,2023-04-20,/marktplatz?tab=1&certifiId=16&certificationId=16,1,1,1,14
1247,Germany,2023-04-20,/marktplatz?tab=0&attr=140,0,2,1,0
876,Germany,2023-04-20,/marktplatz?tab=0&search=3d,1,1,1,1
872,Germany,2023-04-20,/marktplatz?tab=0&ptgId=57&ptgId=7&productId=242,1,1,1,16
873,Germany,2023-04-20,/marktplatz?tab=0&ptgId=66&ptgId=65,1,1,1,1
52,Germany,2023-04-20,/marktplatz?tab=1,9,4,4,160
875,Germany,2023-04-20,/marktplatz?tab=0&search=128:%20IFC-Modell%20Generierung&productId=331,1,1,1,4
1246,Germany,2023-04-20,/,0,5,4,0
874,Germany,2023-04-20,/marktplatz?tab=0&rating=5,1,1,1,1
1248,Germany,2023-04-20,/marktplatz?tab=0&attr=24,0,1,1,0
1249,Germany,2023-04-20,/marktplatz?tab=0&ptgId=23,0,1,1,15
1250,Germany,2023-04-20,/organisations/214/information,0,1,1,0
1251,Germany,2023-04-20,/organisations/262/information,0,1,1,0
1252,Germany,2023-04-20,/profil/settings,0,1,1,0
780,Germany,2023-04-19,/marktplatz%3Ftab=0?tab=0&category=SERVICE&attr=136&productId=321,1,1,1,18
773,Germany,2023-04-19,/marktplatz%3Ftab=0&attr=118?tab=0&attr=118&attr=117&attr=120,1,1,1,24
779,Germany,2023-04-19,/marktplatz%3Ftab=0?tab=0&category=SERVICE&attr=136&productId=318,1,1,1,62
778,Germany,2023-04-19,/marktplatz%3Ftab=0?tab=0&category=CONTENT&attr=118&productId=311,1,1,1,21
777,Germany,2023-04-19,/marktplatz%3Ftab=0?tab=0&category=CONTENT,1,1,1,35
776,Germany,2023-04-19,/marktplatz%3Ftab=0&productId=143?tab=2,1,1,1,25
775,Germany,2023-04-19,/marktplatz%3Ftab=0&certificationType=ATTRIBUTE_CERT?tab=0&certificationType=PTG_CERT,1,1,1,5
774,Germany,2023-04-19,/marktplatz%3Ftab=0&certificationType=ATTRIBUTE_CERT?tab=0&certificationType=ATTRIBUTE_CERT&certificationType=PTG_CERT,1,1,1,6
1124,Austria,2023-04-19,/login%3Fcode=7g9EUI?tab=0&rating=5,0,1,1,1
772,Germany,2023-04-19,/login%3Fcode=grTOvt?code=grTOvt,1,1,1,0
771,Germany,2023-04-19,/login%3Fcode=JpEsrf?code=JpEsrf,1,1,1,0
770,Germany,2023-04-19,/login%3Fcode=1CofDF?code=1CofDF,1,1,1,0
1127,Austria,2023-04-19,/marktplatz?tab=0&rating=5&rating=4&rating=3&rating=2&rating=1&appSubPro=309&productId=309,0,1,1,0
1126,Austria,2023-04-19,/marktplatz?tab=0&ptgId=45&productId=195,0,1,1,0
1125,Austria,2023-04-19,/login%3Fcode=7g9EUI?tab=0&rating=5&rating=4&rating=3,0,1,1,1
1123,Austria,2023-04-19,/,0,1,1,0
782,Germany,2023-04-19,/marktplatz%3Ftab=0?tab=0&category=SERVICE&productId=317,1,1,1,42
781,Germany,2023-04-19,/marktplatz%3Ftab=0?tab=0&category=SERVICE&productId=316,1,1,1,45
1241,Germany,2023-04-19,/organisations/2/information,0,1,1,0
783,Germany,2023-04-19,/marktplatz%3Ftab=0?tab=0&productId=323,1,1,1,15
1236,Germany,2023-04-19,/marktplatz%3Ftab=0&attr=118?tab=0&attr=118&attr=117,0,1,1,0
802,Germany,2023-04-19,/profil/mitgliedschaften?tab=0&productId=324,1,1,1,4
803,Germany,2023-04-19,/profil/mitgliedschaften?tab=2,1,1,1,15
1128,Austria,2023-04-19,/marktplatz?tab=0&rating=5&rating=4&rating=3&rating=2&rating=1&productId=309,0,1,1,0
1129,Austria,2023-04-19,/marktplatz?tab=0&search=EEF-DBE&productId=129,0,1,1,0
1303,United States,2023-04-19,/,0,1,1,0
1235,Germany,2023-04-19,/,0,6,5,38
1237,Germany,2023-04-19,/marktplatz?tab=0&category=SERVICE&attr=136&productId=317,0,1,1,0
784,Germany,2023-04-19,/marktplatz%3Ftab=0?tab=0&productId=324,1,1,1,1
1238,Germany,2023-04-19,/marktplatz?tab=0&certificationType=ATTRIBUTE_CERT,0,1,1,0
1239,Germany,2023-04-19,/marktplatz?tab=0&search=iTwo&orgId=177,0,1,1,0
1245,Germany,2023-04-19,/profil/nutzerverwaltung,0,1,1,0
1244,Germany,2023-04-19,/organisations/265/information?tab=0&ptgId=66&ptgId=65,0,1,1,0
1243,Germany,2023-04-19,/organisations/265/information?tab=0&ptgId=66,0,1,1,0
1242,Germany,2023-04-19,/organisations/214/products/create,0,1,1,0
801,Germany,2023-04-19,/organisations/265/information?tab=0&ptgId=66&ptgId=65&ptgId=64,1,1,1,1
800,Germany,2023-04-19,/organisations/265/information?tab=0&ptgId=66&ptgId=64,1,1,1,5
799,Germany,2023-04-19,/marktplatz?tab=0&search=iTwo&ptgId=57,1,1,1,1
798,Germany,2023-04-19,/marktplatz?tab=0&search=iTwo&productId=29,1,1,1,3
797,Germany,2023-04-19,/marktplatz?tab=0&search=iTwo&productId=186,1,1,1,19
796,Germany,2023-04-19,/marktplatz?tab=0&search=iTwo&orgId=177&orgId=17&orgId=37,1,1,1,1
795,Germany,2023-04-19,/marktplatz?tab=0&ptgId=7&attr=9,1,1,1,1
794,Germany,2023-04-19,/marktplatz?tab=0&ptgId=7,1,1,1,50
793,Germany,2023-04-19,/marktplatz?tab=0&ptgId=57&ptgId=7,1,1,1,1
792,Germany,2023-04-19,/marktplatz?tab=0&ptgId=57,1,1,1,6
791,Germany,2023-04-19,/marktplatz?tab=0&category=SERVICE,1,1,1,1
790,Germany,2023-04-19,/marktplatz?tab=0&attr=9&productId=204,1,1,1,457
1240,Germany,2023-04-19,/marktplatz?tab=2,0,2,2,0
788,Germany,2023-04-19,/marktplatz?tab=0&attr=9,1,1,1,12
787,Germany,2023-04-19,/marktplatz%3Ftab=0?tab=2,1,1,1,5
786,Germany,2023-04-19,/marktplatz%3Ftab=0?tab=1,1,1,1,1
785,Germany,2023-04-19,/marktplatz%3Ftab=0?tab=0&productId=326,1,1,1,9
789,Germany,2023-04-19,/marktplatz?tab=0&attr=9&productId=203,1,1,1,2
0,Germany,2023-04-19,/marktplatz,202,8,5,3736
453,Austria,2023-04-19,/marktplatz?tab=2&orgId=266&organisationId=266,1,1,1,21
130,Germany,2023-04-19,/marktplatz%3Ftab=0&certificationType=ATTRIBUTE_CERT?tab=0,3,1,1,33
137,Germany,2023-04-19,/profil/mitgliedschaften?tab=0,3,1,1,12
136,Germany,2023-04-19,/marktplatz?tab=0&search=iTwo,3,1,1,34
135,Germany,2023-04-19,/marktplatz%3Ftab=2?tab=2,3,3,2,45
134,Germany,2023-04-19,/marktplatz%3Ftab=0?tab=0&certificationType=PTG_CERT,3,1,1,18
133,Germany,2023-04-19,/marktplatz%3Ftab=0?tab=0&certificationType=ATTRIBUTE_CERT,3,1,1,7
132,Germany,2023-04-19,/marktplatz%3Ftab=0?tab=0&category=SERVICE,3,2,1,69
131,Germany,2023-04-19,/marktplatz%3Ftab=0&certificationType=ATTRIBUTE_CERT?tab=0&certificationType=ATTRIBUTE_CERT,3,1,1,7
129,Germany,2023-04-19,/login,3,1,1,40
175,Austria,2023-04-19,/marktplatz%3Ftab=0,2,2,1,142
109,Austria,2023-04-19,/resetPassword,3,2,1,45
108,Austria,2023-04-19,/marktplatz%3Ftab=0?tab=0&ptgId=64,3,2,1,47
83,Austria,2023-04-19,/marktplatz%3Ftab=0?tab=0&ptgId=66,4,2,1,97
79,Germany,2023-04-19,/marktplatz%3Ftab=0?tab=0&category=SERVICE&attr=136,5,2,1,456
75,Austria,2023-04-19,/marktplatz?tab=0,5,5,2,37
60,Austria,2023-04-19,/marktplatz%3Ftab=0?tab=0,7,3,1,170
51,Germany,2023-04-19,/organisations/265/information?tab=0,9,1,1,76
452,Austria,2023-04-19,/marktplatz?tab=1&certificationId=33,1,1,1,25
176,Austria,2023-04-19,/marktplatz%3Ftab=0?tab=0&ptgId=64&ptgId=66,2,1,1,9
29,Germany,2023-04-19,/marktplatz?tab=0,14,12,9,123
246,Germany,2023-04-19,/marktplatz%3Ftab=0&attr=118?tab=0&attr=118,2,1,1,12
253,Germany,2023-04-19,/profil/settings?tab=0,2,1,1,7
252,Germany,2023-04-19,/organisations/265/information?tab=0&category=SERVICE,2,1,1,35
251,Germany,2023-04-19,/marktplatz?tab=0&search=iTwo&productId=259,2,1,1,21
250,Germany,2023-04-19,/marktplatz?tab=0&search=iTwo&orgId=177&orgId=17,2,2,1,22
249,Germany,2023-04-19,/marktplatz%3Ftab=0?tab=0&category=SERVICE&attr=136&productId=317,2,2,1,514
248,Germany,2023-04-19,/marktplatz%3Ftab=0?tab=0&category=CONTENT&attr=118,2,1,1,22
247,Germany,2023-04-19,/marktplatz%3Ftab=0&productId=143?tab=0&productId=143,2,1,1,57
423,Austria,2023-04-19,/login,1,1,1,8
431,Austria,2023-04-19,/login%3Fcode=BV8E2X?code=BV8E2X,1,1,1,0
424,Austria,2023-04-19,/login%3Fcode=7g9EUI,1,1,1,1
425,Austria,2023-04-19,/login%3Fcode=7g9EUI?code=7g9EUI,1,1,1,0
426,Austria,2023-04-19,/login%3Fcode=7g9EUI?tab=0,1,1,1,18
427,Austria,2023-04-19,/login%3Fcode=7g9EUI?tab=0&rating=5&rating=4,1,1,1,1
428,Austria,2023-04-19,/login%3Fcode=7g9EUI?tab=0&rating=5&rating=4&rating=3&rating=2,1,1,1,1
429,Austria,2023-04-19,/login%3Fcode=7g9EUI?tab=0&rating=5&rating=4&rating=3&rating=2&rating=1,1,1,1,1
430,Austria,2023-04-19,/login%3Fcode=7g9EUI?tab=0&rating=5&rating=4&rating=3&rating=2&rating=1&productId=309,1,1,1,30
34,Austria,2023-04-19,/marktplatz,12,3,2,385
432,Austria,2023-04-19,/login%3Fcode=_ebrh1?code=_ebrh1,1,1,1,0
444,Austria,2023-04-19,/marktplatz%3Ftab=0?tab=0&ptgId=64&ptgId=66&ptgId=6,1,1,1,1
443,Austria,2023-04-19,/marktplatz%3Ftab=0?tab=0&ptgId=64&productId=316,1,1,1,7
441,Austria,2023-04-19,/marktplatz%3Ftab=0&rating=5&rating=4&rating=3&rating=2&rating=1&productId=309?tab=0&rating=5&rating=4&rating=3&rating=2&rating=1&productId=309,1,1,1,0
440,Austria,2023-04-19,/marktplatz%3Ftab=0&rating=5&rating=4&rating=3&rating=2&rating=1&productId=309?tab=0&rating=5&rating=4&rating=3&rating=2&rating=1&appSubPro=309&productId=309,1,1,1,0
439,Austria,2023-04-19,/marktplatz%3Ftab=0&rating=5&rating=4&rating=3&rating=2&rating=1&appSubPro=309&productId=309?tab=0&rating=5&rating=4&rating=3&rating=2&rating=1&appSubPro=309&productId=309,1,1,1,6
437,Austria,2023-04-19,/marktplatz%3Ftab=0&ptgId=45&productId=195?tab=0&search=DBS%20WinDo%20Planning,1,1,1,6
436,Austria,2023-04-19,/marktplatz%3Ftab=0&ptgId=45&productId=195?tab=0&ptgId=45&search=DBS%20WinDo%20Planning,1,1,1,1
435,Austria,2023-04-19,/marktplatz%3Ftab=0&ptgId=45&productId=195?tab=0&ptgId=45&productId=195,1,1,1,0
6,Germany,2023-04-19,/profil/settings,67,1,1,1738
15,Germany,2023-04-19,/marktplatz%3Ftab=0?tab=0,26,5,3,162
451,Austria,2023-04-19,/marktplatz?tab=1,1,1,1,4
450,Austria,2023-04-19,/marktplatz?tab=0&search=BIMKIT,1,1,1,1
449,Austria,2023-04-19,/marktplatz%3Ftab=0?tab=0&ptgId=66&productId=323,1,1,1,11
448,Austria,2023-04-19,/marktplatz%3Ftab=0?tab=0&ptgId=66&productId=322,1,1,1,7
447,Austria,2023-04-19,/marktplatz%3Ftab=0?tab=0&ptgId=66&productId=316,1,1,1,18
446,Austria,2023-04-19,/marktplatz%3Ftab=0?tab=0&ptgId=66&attr=140,1,1,1,1
445,Austria,2023-04-19,/marktplatz%3Ftab=0?tab=0&ptgId=66&attr=136,1,1,1,1
442,Austria,2023-04-19,/marktplatz%3Ftab=0?tab=0&productId=332,1,1,1,46
438,Austria,2023-04-19,/marktplatz%3Ftab=0&ptgId=45&productId=195?tab=0&search=DBS%20WinDo%20Planning&productId=84,1,1,1,39
17,Germany,2023-04-19,/profil/mitgliedschaften,23,1,1,736
3,Germany,2023-04-19,/marktplatz%3Ftab=0,109,4,2,1786
434,Austria,2023-04-19,/marktplatz%3Ftab=0&ptgId=45&productId=195?tab=0&ptgId=45&appSubPro=195&productId=195,1,1,1,5
2,Germany,2023-04-19,/organisations/265/information,111,1,1,1586
433,Austria,2023-04-19,/marktplatz%3Ftab=0&ptgId=45&productId=195?tab=0&ptgId=45,1,1,1,23
413,Austria,2023-04-18,/marktplatz%3Ftab=0&ptgId=64&appSubPro=308&productId=308?tab=0&ptgId=64&appSubPro=308&productId=308,1,1,1,3
171,Austria,2023-04-18,/marktplatz,2,1,1,1
172,Austria,2023-04-18,/marktplatz%3Ftab=0&ptgId=64&appSubPro=308&productId=308?tab=0&ptgId=64,2,2,1,10
173,Austria,2023-04-18,/marktplatz%3Ftab=0&ptgId=64?tab=0,2,2,1,15
5,Germany,2023-04-18,/marktplatz%3Ftab=0?tab=0,69,5,4,1179
412,Austria,2023-04-18,/marktplatz%3Ftab=0&ptgId=45&productId=195?tab=0&ptgId=45&productId=195,1,1,1,0
767,Germany,2023-04-18,/marktplatz?tab=0&productId=316,1,1,1,24
127,Germany,2023-04-18,/marktplatz%3Ftab=0?tab=0&certificationType=PTG_CERT,3,1,1,68
128,Germany,2023-04-18,/marktplatz%3Ftab=0?tab=0&productId=316,3,2,2,45
7,Germany,2023-04-18,/marktplatz,59,4,3,919
74,Austria,2023-04-18,/marktplatz?tab=0,5,2,1,361
174,Austria,2023-04-18,/marktplatz%3Ftab=0&ptgId=64?tab=0&ptgId=64,2,1,1,16
420,Austria,2023-04-18,/marktplatz?tab=0&ptgId=66,1,1,1,1
768,Germany,2023-04-18,/marktplatz?tab=0&ptgId=20,1,1,1,1
14,Germany,2023-04-18,/organisations/214/information,26,1,1,122
421,Austria,2023-04-18,/marktplatz?tab=1,1,1,1,90
1122,Austria,2023-04-18,/marktplatz?tab=0&ptgId=64&appSubPro=308&productId=308,0,1,1,0
1121,Austria,2023-04-18,/marktplatz?tab=0&ptgId=64,0,1,1,0
1120,Austria,2023-04-18,/marktplatz?tab=0&ptgId=45&productId=195,0,1,1,0
1119,Austria,2023-04-18,/,0,2,2,10
769,Germany,2023-04-18,/marktplatz?tab=2&orgId=131&organisationId=131,1,2,1,10
414,Austria,2023-04-18,/marktplatz%3Ftab=0&ptgId=64&appSubPro=308&productId=308?tab=0&ptgId=64&productId=308,1,1,1,49
244,Germany,2023-04-18,/marktplatz%3Ftab=0&ptgId=64?tab=0,2,2,1,66
415,Austria,2023-04-18,/marktplatz%3Ftab=0&ptgId=64?tab=0&ptgId=66,1,1,1,1
416,Austria,2023-04-18,/marktplatz%3Ftab=0?tab=0,1,1,1,0
417,Austria,2023-04-18,/marktplatz?tab=0&productId=143,1,1,1,72
418,Austria,2023-04-18,/marktplatz?tab=0&ptgId=58,1,1,1,10
419,Austria,2023-04-18,/marktplatz?tab=0&ptgId=58&productId=204,1,2,1,65
422,Austria,2023-04-18,/marktplatz?tab=2,1,1,1,17
243,Germany,2023-04-18,/marktplatz%3Ftab=0&category=SERVICE?tab=0&category=SERVICE,2,1,1,25
766,Germany,2023-04-18,/marktplatz?tab=0&productId=154,1,1,1,3
245,Germany,2023-04-18,/marktplatz%3Ftab=0?tab=0&attr=116,2,1,1,24
751,Germany,2023-04-18,/marktplatz%3Ftab=0?tab=0&attr=20&attr=2&attr=27,1,1,1,106
753,Germany,2023-04-18,/marktplatz%3Ftab=0?tab=0&attr=20&attr=2&attr=27&attr=79&attr=29,1,1,1,2
754,Germany,2023-04-18,/marktplatz%3Ftab=0?tab=0&attr=20&attr=2&attr=27&attr=79&attr=29&attr=30,1,1,1,1
755,Germany,2023-04-18,/marktplatz%3Ftab=0?tab=0&category=SERVICE,1,2,1,0
756,Germany,2023-04-18,/marktplatz%3Ftab=0?tab=0&certificationType=PTG_CERT&productId=203,1,1,1,84
1229,Germany,2023-04-18,/composer,0,1,1,0
1230,Germany,2023-04-18,/login,0,1,1,1
1231,Germany,2023-04-18,/marktplatz?tab=0&category=APP,0,1,1,0
1232,Germany,2023-04-18,/marktplatz?tab=0&ptgId=47,0,1,1,0
1233,Germany,2023-04-18,/organisations/2/information,0,1,1,0
1234,Germany,2023-04-18,/organisations/214/products/317/edit,0,1,1,0
757,Germany,2023-04-18,/marktplatz%3Ftab=0?tab=0&productId=143,1,1,1,9
758,Germany,2023-04-18,/marktplatz%3Ftab=0?tab=0&ptgId=20,1,1,1,1
759,Germany,2023-04-18,/marktplatz%3Ftab=0?tab=0&ptgId=47,1,1,1,402
18,Germany,2023-04-18,/marktplatz?tab=0,22,8,6,431
760,Germany,2023-04-18,/marktplatz%3Ftab=0?tab=0&ptgId=66,1,1,1,1
761,Germany,2023-04-18,/marktplatz?tab=0&attr=136,1,1,1,1
762,Germany,2023-04-18,/marktplatz?tab=0&attr=14,1,1,1,1
763,Germany,2023-04-18,/marktplatz?tab=0&attr=79,1,1,1,1
764,Germany,2023-04-18,/marktplatz?tab=0&category=SERVICE,1,2,1,3
19,Germany,2023-04-18,/marktplatz%3Ftab=0&ptgId=64,18,2,1,166
765,Germany,2023-04-18,/marktplatz?tab=0&certificationType=PTG_CERT,1,1,1,4
752,Germany,2023-04-18,/marktplatz%3Ftab=0?tab=0&attr=20&attr=2&attr=27&attr=79,1,1,1,7
750,Germany,2023-04-18,/marktplatz%3Ftab=0?tab=0&attr=20&attr=2,1,1,1,11
738,Germany,2023-04-18,/,1,5,4,191
742,Germany,2023-04-18,/marktplatz%3Ftab=0&ptgId=64?tab=2,1,1,1,62
8,Germany,2023-04-18,/marktplatz%3Ftab=0,58,2,2,2024
749,Germany,2023-04-18,/marktplatz%3Ftab=0?tab=0&attr=20,1,1,1,33
739,Germany,2023-04-18,/impressum,1,1,1,0
740,Germany,2023-04-18,/login%3Fcode=sKQPts?code=sKQPts,1,1,1,0
741,Germany,2023-04-18,/marktplatz%3Ftab=0&ptgId=47?tab=0&ptgId=47,1,1,1,16
411,Austria,2023-04-18,/marktplatz%3Ftab=0&ptgId=45&productId=195?tab=0&ptgId=45&appSubPro=195&productId=195,1,1,1,7
743,Germany,2023-04-18,/marktplatz%3Ftab=0&ptgId=64?tab=2&organisationId=198,1,1,1,10
744,Germany,2023-04-18,/marktplatz%3Ftab=0?tab=0&attr=116&productId=272,1,1,1,6
745,Germany,2023-04-18,/marktplatz%3Ftab=0?tab=0&attr=120,1,1,1,1
746,Germany,2023-04-18,/marktplatz%3Ftab=0?tab=0&attr=13,1,1,1,1
747,Germany,2023-04-18,/marktplatz%3Ftab=0?tab=0&attr=13&productId=256,1,1,1,31
748,Germany,2023-04-18,/marktplatz%3Ftab=0?tab=0&attr=14,1,1,1,1
107,Austria,2023-04-17,/marktplatz?tab=0&ptgId=64,3,2,1,4
402,Austria,2023-04-17,/login,1,1,1,0
409,Austria,2023-04-17,/marktplatz?tab=0&ptgId=65&ptgId=64,1,1,1,1
408,Austria,2023-04-17,/marktplatz?tab=0&ptgId=65,1,1,1,8
407,Austria,2023-04-17,/marktplatz?tab=0&ptgId=64&ptgId=65,1,1,1,1
403,Austria,2023-04-17,/login?tab=0&ptgId=64&appSubPro=308&productId=308,1,1,1,33
406,Austria,2023-04-17,/marktplatz?tab=0&ptgId=64&productId=308,1,1,1,3
404,Austria,2023-04-17,/marktplatz?tab=0&ptgId=45,1,1,1,21
405,Austria,2023-04-17,/marktplatz?tab=0&ptgId=45&productId=108,1,2,1,65
410,Austria,2023-04-17,/marktplatz?tab=1,1,1,1,158
726,Germany,2023-04-17,/marktplatz%3Ftab=2?tab=0&orgId=6,1,1,1,14
170,Austria,2023-04-17,/marktplatz?tab=0&ptgId=66,2,1,1,2
722,Germany,2023-04-17,/impressum?tab=0,1,1,1,2
737,Germany,2023-04-17,/marktplatz?tab=0&ptgId=53&attr=2,1,1,1,9
736,Germany,2023-04-17,/marktplatz?tab=0&ptgId=53,1,1,1,0
735,Germany,2023-04-17,/marktplatz?tab=0&attr=2&ptgId=19,1,2,1,3
734,Germany,2023-04-17,/marktplatz?tab=0&attr=2,1,1,1,38
733,Germany,2023-04-17,/marktplatz?tab=0,1,3,3,2
732,Germany,2023-04-17,/marktplatz%3Ftab=2?tab=2&organisationId=6,1,1,1,24
731,Germany,2023-04-17,/marktplatz%3Ftab=2?tab=2,1,1,1,0
730,Germany,2023-04-17,/marktplatz%3Ftab=2?tab=0&orgId=6&productId=9,1,1,1,5
729,Germany,2023-04-17,/marktplatz%3Ftab=2?tab=0&orgId=6&productId=8,1,1,1,12
728,Germany,2023-04-17,/marktplatz%3Ftab=2?tab=0&orgId=6&productId=7,1,1,1,6
727,Germany,2023-04-17,/marktplatz%3Ftab=2?tab=0&orgId=6&productId=10,1,1,1,13
103,Poland,2023-04-17,/marktplatz?tab=0,4,1,1,67
725,Germany,2023-04-17,/marktplatz%3Ftab=0&ptgId=47?tab=0&ptgId=47&ptgId=23&ptgId=13,1,1,1,1
724,Germany,2023-04-17,/marktplatz%3Ftab=0&ptgId=47?tab=0,1,1,1,218
723,Germany,2023-04-17,/marktplatz,1,1,1,1
104,Poland,2023-04-17,/marktplatz?tab=0&category=CONTENT,4,1,1,103
126,Germany,2023-04-17,/marktplatz%3Ftab=0&ptgId=47?tab=0&ptgId=47,3,1,1,31
1092,Poland,2023-04-17,/marktplatz?tab=0&category=APP&ptgId=2,1,1,1,10
242,Germany,2023-04-17,/marktplatz%3Ftab=0&ptgId=47?tab=0&ptgId=47&ptgId=23,2,1,1,16
241,Germany,2023-04-17,/marktplatz%3Ftab=0&attr=79?tab=0&attr=79,2,2,1,1
1118,Austria,2023-04-17,/,0,3,1,0
43,Austria,2023-04-17,/marktplatz,9,4,1,65
240,Germany,2023-04-17,/impressum,2,1,1,16
1095,Poland,2023-04-17,/marktplatz?tab=0&ptgId=2&ptgId=21,1,1,1,16
54,Austria,2023-04-17,/marktplatz?tab=0,8,4,1,222
1094,Poland,2023-04-17,/marktplatz?tab=0&ptgId=2,1,1,1,1
1093,Poland,2023-04-17,/marktplatz?tab=0&category=CONTENT&ptgId=21,1,1,1,24
1228,Germany,2023-04-17,/marktplatz?tab=2,0,1,1,0
1227,Germany,2023-04-17,/marktplatz?tab=0&attr=79,0,2,1,0
1226,Germany,2023-04-17,/,0,1,1,0
1091,Poland,2023-04-17,/marktplatz?tab=0&category=APP,1,1,1,2
1223,Germany,2023-04-16,/marktplatz%3Ftab=0?tab=0&search=CDE,0,1,1,0
239,Germany,2023-04-16,/marktplatz%3Ftab=0&ptgId=64?tab=0&ptgId=64,2,1,1,19
1224,Germany,2023-04-16,/marktplatz?tab=0&ptgId=64,0,1,1,0
1284,Netherlands,2023-04-16,/,0,1,1,11
1225,Germany,2023-04-16,/marktplatz?tab=0&search=CDE,0,1,1,0
721,Germany,2023-04-16,/marktplatz%3Ftab=0&ptgId=64?tab=0&ptgId=64&productId=308,1,1,1,16
720,Germany,2023-04-15,/marktplatz?tab=0&productId=154,1,1,1,6
712,Germany,2023-04-15,/marktplatz?tab=0&attr=2&search=Fensterplaner&productId=132,1,1,1,53
719,Germany,2023-04-15,/marktplatz?tab=0&attr=29,1,1,1,14
718,Germany,2023-04-15,/marktplatz?tab=0&attr=2&search=Fensterplaner&productId=84,1,1,1,0
717,Germany,2023-04-15,/marktplatz?tab=0&attr=2&search=Fensterplaner&productId=7,1,1,1,17
235,Germany,2023-04-15,/marktplatz%3Ftab=0&attr=5?tab=0&orgId=253&attr=5,2,1,1,69
234,Germany,2023-04-15,/marktplatz%3Ftab=0&attr=5?tab=0&attr=5&productId=305,2,1,1,32
716,Germany,2023-04-15,/marktplatz?tab=0&attr=2&search=Fensterplaner&productId=45,1,1,1,19
715,Germany,2023-04-15,/marktplatz?tab=0&attr=2&search=Fensterplaner&productId=148,1,1,1,0
714,Germany,2023-04-15,/marktplatz?tab=0&attr=2&search=Fensterplaner&productId=144,1,1,1,24
713,Germany,2023-04-15,/marktplatz?tab=0&attr=2&search=Fensterplaner&productId=135,1,1,1,254
691,Germany,2023-04-15,/marktplatz%3Ftab=0&attr=5?tab=0&attr=2&productId=82,1,1,1,260
711,Germany,2023-04-15,/marktplatz?tab=0&attr=2&productId=84,1,1,1,82
688,Germany,2023-04-15,/login%3Fcode=lzf4iz?code=lzf4iz,1,1,1,2
707,Germany,2023-04-15,/marktplatz?tab=0&attr=2&productId=241,1,1,1,160
706,Germany,2023-04-15,/marktplatz?tab=0&attr=2&productId=181,1,1,1,22
705,Germany,2023-04-15,/marktplatz?tab=0&attr=2&productId=144,1,1,1,43
704,Germany,2023-04-15,/marktplatz?tab=0&attr=2&productId=106,1,1,1,70
703,Germany,2023-04-15,/marktplatz?tab=0&attr=2&attr=124&search=Fensterplaner,1,1,1,15
702,Germany,2023-04-15,/marktplatz%3Ftab=0?tab=0&search=desite,1,1,1,8
701,Germany,2023-04-15,/marktplatz%3Ftab=0?tab=0&search=CDE,1,1,1,1
700,Germany,2023-04-15,/marktplatz%3Ftab=0?tab=0&search=BIM360,1,1,1,8
699,Germany,2023-04-15,/marktplatz%3Ftab=0?tab=0&search=Autodesk,1,1,1,8
698,Germany,2023-04-15,/marktplatz%3Ftab=0?tab=0&search=ACC,1,1,1,3
697,Germany,2023-04-15,/marktplatz%3Ftab=0?tab=0&ptgId=7&ptgId=57,1,1,1,1
696,Germany,2023-04-15,/marktplatz%3Ftab=0?tab=0&ptgId=7&productId=174,1,1,1,79
695,Germany,2023-04-15,/marktplatz%3Ftab=0&attr=5?tab=2&orgId=253&organisationId=253&attr=5,1,1,1,1
694,Germany,2023-04-15,/marktplatz%3Ftab=0&attr=5?tab=2&orgId=253&organisationId=253,1,1,1,237
710,Germany,2023-04-15,/marktplatz?tab=0&attr=2&productId=80,1,1,1,67
692,Germany,2023-04-15,/marktplatz%3Ftab=0&attr=5?tab=0&orgId=253&attr=5&attr=2,1,1,1,1
232,Germany,2023-04-15,/marktplatz%3Ftab=0&attr=5?tab=0&attr=2,2,1,1,24
690,Germany,2023-04-15,/marktplatz%3Ftab=0&attr=5?tab=0,1,1,1,33
689,Germany,2023-04-15,/marktplatz%3Ftab=0&attr=5,1,1,1,134
233,Germany,2023-04-15,/marktplatz%3Ftab=0&attr=5?tab=0&attr=5,2,1,1,75
693,Germany,2023-04-15,/marktplatz%3Ftab=0&attr=5?tab=0&orgId=253&attr=5&productId=305,1,1,1,22
231,Germany,2023-04-15,/login,2,2,2,9
1218,Germany,2023-04-15,/,0,1,1,0
50,Germany,2023-04-15,/marktplatz?tab=0&attr=2,9,3,2,181
58,Germany,2023-04-15,/marktplatz?tab=0&attr=2&search=Fensterplaner,8,3,1,83
1222,Germany,2023-04-15,/registry/confirm?code=2dab037f-5618-4432-82b4-82b69816624a,0,1,1,0
1221,Germany,2023-04-15,/marktplatz%3Ftab=0&attr=5?tab=0&orgId=253,0,1,1,11
1220,Germany,2023-04-15,/login?code=q-n0YI,0,1,1,0
1219,Germany,2023-04-15,/login?code=gf_4Op,0,1,1,0
708,Germany,2023-04-15,/marktplatz?tab=0&attr=2&productId=290,1,1,1,22
236,Germany,2023-04-15,/marktplatz%3Ftab=0?tab=0,2,1,1,46
69,Germany,2023-04-15,/marktplatz,6,4,3,2
709,Germany,2023-04-15,/marktplatz?tab=0&attr=2&productId=292,1,1,1,62
64,Germany,2023-04-15,/marktplatz?tab=0,7,5,4,44
237,Germany,2023-04-15,/marktplatz%3Ftab=0?tab=0&ptgId=57,2,1,1,7
238,Germany,2023-04-15,/marktplatz%3Ftab=0?tab=0&ptgId=7,2,1,1,82
1205,Germany,2023-04-14,/,0,3,3,0
1206,Germany,2023-04-14,/impressum,0,1,1,0
303,Indonesia,2023-04-14,/marktplatz%3Ftab=0?tab=0&certificationType=ATTRIBUTE_CERT&certificationType=PTG_CERT,2,1,1,27
38,Indonesia,2023-04-14,/marktplatz%3Ftab=0?tab=0&certificationType=ATTRIBUTE_CERT,11,2,1,120
302,Indonesia,2023-04-14,/marktplatz%3Ftab=0?tab=0&certificationType=ATTRIBUTE_CERT&certifiId=16,2,2,1,2
301,Indonesia,2023-04-14,/marktplatz%3Ftab=0?tab=0&certificationType=ATTRIBUTE_CERT&certifiId=15,2,2,1,4
59,Indonesia,2023-04-14,/marktplatz%3Ftab=0?tab=0,8,2,1,176
300,Indonesia,2023-04-14,/marktplatz%3Ftab=0?tab=0&attr=118,2,2,1,13
1217,Germany,2023-04-14,/legal/,0,1,1,0
1216,Germany,2023-04-14,/legal,0,1,1,0
1215,Germany,2023-04-14,/imprint/,0,1,1,0
1214,Germany,2023-04-14,/imprint.php,0,1,1,0
78,Germany,2023-04-14,/marktplatz%3Ftab=0?tab=0,5,2,2,18
1212,Germany,2023-04-14,/imprint.htm,0,1,1,0
1211,Germany,2023-04-14,/imprint,0,1,1,0
1210,Germany,2023-04-14,/impressum/,0,1,1,0
1209,Germany,2023-04-14,/impressum.php,0,1,1,0
1208,Germany,2023-04-14,/impressum.html,0,1,1,0
1207,Germany,2023-04-14,/impressum.htm,0,1,1,0
1213,Germany,2023-04-14,/imprint.html,0,1,1,0
101,Indonesia,2023-04-14,/marktplatz%3Ftab=0?tab=0&certificationType=ATTRIBUTE_CERT&certifiId=12,4,1,1,13
1063,Indonesia,2023-04-14,/marktplatz%3Ftab=0?tab=0&certificationType=ATTRIBUTE_CERT&certificationType=PTG_CERT&certifiId=19,1,1,1,1
1054,Indonesia,2023-04-14,/marktplatz%3Ftab=0?tab=0&certificationType=ATTRIBUTE_CERT&certifiId=12&productId=103,1,1,1,23
1062,Indonesia,2023-04-14,/marktplatz%3Ftab=0?tab=0&certificationType=ATTRIBUTE_CERT&certifiId=9&productId=29,1,1,1,19
1061,Indonesia,2023-04-14,/marktplatz%3Ftab=0?tab=0&certificationType=ATTRIBUTE_CERT&certifiId=9&productId=256,1,1,1,22
1060,Indonesia,2023-04-14,/marktplatz%3Ftab=0?tab=0&certificationType=ATTRIBUTE_CERT&certifiId=9&productId=167,1,1,1,5
151,Indonesia,2023-04-14,/marktplatz%3Ftab=0?tab=0&certificationType=ATTRIBUTE_CERT&certificationType=PTG_CERT&certifiId=29,3,1,1,47
150,Indonesia,2023-04-14,/marktplatz%3Ftab=0?tab=0&certificationType=ATTRIBUTE_CERT&certifiId=9,3,2,1,5
149,Indonesia,2023-04-14,/marktplatz,3,2,1,2
1059,Indonesia,2023-04-14,/marktplatz%3Ftab=0?tab=0&certificationType=ATTRIBUTE_CERT&certifiId=9&productId=108,1,1,1,9
1058,Indonesia,2023-04-14,/marktplatz%3Ftab=0?tab=0&certificationType=ATTRIBUTE_CERT&certifiId=9&certifiId=11,1,1,1,1
1057,Indonesia,2023-04-14,/marktplatz%3Ftab=0?tab=0&certificationType=ATTRIBUTE_CERT&certifiId=13,1,1,1,1
1056,Indonesia,2023-04-14,/marktplatz%3Ftab=0?tab=0&certificationType=ATTRIBUTE_CERT&certifiId=12&productId=26,1,1,1,3
1055,Indonesia,2023-04-14,/marktplatz%3Ftab=0?tab=0&certificationType=ATTRIBUTE_CERT&certifiId=12&productId=193,1,1,1,17
1053,Indonesia,2023-04-14,/marktplatz%3Ftab=0?tab=0&certificationType=ATTRIBUTE_CERT&certifiId=12&certifiId=13,1,1,1,1
1064,Indonesia,2023-04-14,/marktplatz%3Ftab=0?tab=0&certificationType=ATTRIBUTE_CERT&certificationType=PTG_CERT&certifiId=29&productId=53,1,1,1,3
1052,Indonesia,2023-04-14,/marktplatz%3Ftab=0?tab=0&certificationType=ATTRIBUTE_CERT&certifiId=11,1,1,1,1
1051,Indonesia,2023-04-14,/marktplatz%3Ftab=0?tab=0&category=SERVICE,1,1,1,2
1050,Indonesia,2023-04-14,/marktplatz%3Ftab=0?tab=0&category=CONTENT,1,1,1,40
1049,Indonesia,2023-04-14,/marktplatz%3Ftab=0?tab=0&category=APP,1,1,1,8
125,Germany,2023-04-14,/marktplatz,3,3,3,8
1048,Indonesia,2023-04-14,/marktplatz%3Ftab=0?tab=0&attr=31,1,1,1,1
1047,Indonesia,2023-04-14,/marktplatz%3Ftab=0?tab=0&attr=30,1,1,1,1
1046,Indonesia,2023-04-14,/marktplatz%3Ftab=0?tab=0&attr=29,1,1,1,1
1045,Indonesia,2023-04-14,/marktplatz%3Ftab=0?tab=0&attr=118&attr=117,1,1,1,1
1276,Indonesia,2023-04-14,/,0,2,1,0
1044,Indonesia,2023-04-14,/marktplatz%3Ftab=0?tab=0&attr=117,1,1,1,3
687,Germany,2023-04-14,/marktplatz?tab=0&category=APP,1,1,1,33
304,Indonesia,2023-04-14,/marktplatz?tab=0,2,1,1,12
1065,Indonesia,2023-04-14,/marktplatz%3Ftab=0?tab=0&certificationType=ATTRIBUTE_CERT&search=Revit,1,1,1,1
686,Germany,2023-04-14,/marktplatz?tab=0,1,1,1,3
683,Germany,2023-04-14,/marktplatz%3Ftab=0?tab=0&search=dalux,1,1,1,12
682,Germany,2023-04-14,/marktplatz%3Ftab=0?tab=0&search=AWARO,1,1,1,1
681,Germany,2023-04-14,/marktplatz%3Ftab=0?tab=0&ptgId=45,1,1,1,1
680,Germany,2023-04-14,/marktplatz%3Ftab=0?tab=0&attr=14&productId=71,1,1,1,6
679,Germany,2023-04-14,/marktplatz%3Ftab=0?tab=0&attr=14&productId=289,1,1,1,24
678,Germany,2023-04-14,/marktplatz%3Ftab=0?tab=0&attr=14&productId=250,1,1,1,61
230,Germany,2023-04-14,/marktplatz%3Ftab=0?tab=0&attr=14,2,1,1,10
1066,Indonesia,2023-04-14,/marktplatz%3Ftab=0?tab=0&certificationType=ATTRIBUTE_CERT&search=bundes,1,1,1,3
685,Germany,2023-04-14,/marktplatz%3Ftab=0?tab=0&search=thinkproject,1,1,1,4
684,Germany,2023-04-14,/marktplatz%3Ftab=0?tab=0&search=think,1,1,1,11
1074,Indonesia,2023-04-14,/marktplatz?tab=2&organisationId=59,1,1,1,2
1073,Indonesia,2023-04-14,/marktplatz?tab=2&organisationId=113,1,1,1,17
1072,Indonesia,2023-04-14,/marktplatz?tab=2,1,1,1,4
1071,Indonesia,2023-04-14,/marktplatz?tab=1,1,1,1,2
1070,Indonesia,2023-04-14,/marktplatz?tab=0&productId=66,1,1,1,7
1069,Indonesia,2023-04-14,/marktplatz?tab=0&productId=233,1,1,1,14
1068,Indonesia,2023-04-14,/marktplatz?tab=0&productId=203,1,1,1,7
1067,Indonesia,2023-04-14,/marktplatz?tab=0&productId=154,1,1,1,46
401,Austria,2023-04-13,/marktplatz?tab=0,1,2,1,3
399,Austria,2023-04-13,/marktplatz%3Ftab=0&ptgId=45&productId=195?tab=0&ptgId=47,1,1,1,1
398,Austria,2023-04-13,/marktplatz%3Ftab=0&ptgId=45&productId=195?tab=0&ptgId=45&productId=195,1,1,1,0
229,Germany,2023-04-13,/marktplatz?tab=0,2,3,3,13
394,Austria,2023-04-13,/marktplatz%3Ftab=0&ptgId=45&productId=195?tab=0,1,1,1,36
395,Austria,2023-04-13,/marktplatz%3Ftab=0&ptgId=45&productId=195?tab=0&ptgId=22,1,1,1,1
396,Austria,2023-04-13,/marktplatz%3Ftab=0&ptgId=45&productId=195?tab=0&ptgId=45,1,1,1,6
397,Austria,2023-04-13,/marktplatz%3Ftab=0&ptgId=45&productId=195?tab=0&ptgId=45&appSubPro=195&productId=195,1,1,1,5
400,Austria,2023-04-13,/marktplatz%3Ftab=0?tab=0,1,1,1,1
674,Germany,2023-04-13,/marktplatz?tab=0&search=XYZ,1,1,1,2
677,Germany,2023-04-13,/marktplatz?tab=2&orgId=17&organisationId=17,1,1,1,5
667,Germany,2023-04-13,/marktplatz%3Ftab=0&ptgId=64?tab=0&ptgId=64,1,1,1,6
1302,United States,2023-04-13,/,0,2,2,0
1116,Austria,2023-04-13,/,0,1,1,0
1117,Austria,2023-04-13,/marktplatz?tab=0&ptgId=45&productId=195,0,1,1,0
169,Austria,2023-04-13,/marktplatz,2,1,1,0
63,Germany,2023-04-13,/marktplatz%3Ftab=0?tab=0,7,3,3,174
62,Germany,2023-04-13,/marktplatz,7,5,5,29
124,Germany,2023-04-13,/marktplatz%3Ftab=0?tab=0&ptgId=19&attr=86,3,1,1,7
1203,Germany,2023-04-13,/,0,4,4,0
676,Germany,2023-04-13,/marktplatz?tab=2,1,1,1,24
668,Germany,2023-04-13,/marktplatz%3Ftab=0?tab=0&attr=86,1,1,1,10
669,Germany,2023-04-13,/marktplatz%3Ftab=0?tab=0&attr=86&productId=243,1,1,1,44
670,Germany,2023-04-13,/marktplatz%3Ftab=0?tab=0&ptgId=19,1,1,1,38
671,Germany,2023-04-13,/marktplatz%3Ftab=0?tab=0&ptgId=19&attr=86&productId=245,1,1,1,10
672,Germany,2023-04-13,/marktplatz%3Ftab=0?tab=0&ptgId=19&attr=86&productId=280,1,1,1,32
673,Germany,2023-04-13,/marktplatz%3Ftab=0?tab=2,1,1,1,47
1204,Germany,2023-04-13,/marktplatz?tab=0&ptgId=64,0,1,1,0
675,Germany,2023-04-13,/marktplatz?tab=0&search=XYZ&ptgId=22,1,1,1,27
392,Austria,2023-04-12,/marktplatz%3Ftab=0&ptgId=45&productId=195?tab=1,1,1,1,152
390,Austria,2023-04-12,/marktplatz%3Ftab=0&ptgId=45&productId=195?tab=0&ptgId=45&productId=195,1,1,1,0
389,Austria,2023-04-12,/marktplatz%3Ftab=0&ptgId=45&productId=195?tab=0&ptgId=45&appSubPro=195&productId=195,1,1,1,5
388,Austria,2023-04-12,/marktplatz%3Ftab=0&ptgId=45&productId=195?tab=0&ptgId=45,1,1,1,5
387,Austria,2023-04-12,/marktplatz%3Ftab=0&ptgId=45&productId=195?tab=0&ptgId=26&attr=83&attr=117&productId=286,1,1,1,5
386,Austria,2023-04-12,/marktplatz%3Ftab=0&ptgId=45&productId=195?tab=0&ptgId=26&attr=83,1,1,1,9
385,Austria,2023-04-12,/marktplatz%3Ftab=0&ptgId=45&productId=195?tab=0&ptgId=26,1,1,1,21
384,Austria,2023-04-12,/marktplatz%3Ftab=0&ptgId=45&productId=195?tab=0&ptgId=20,1,1,1,1
82,Austria,2023-04-12,/marktplatz%3Ftab=0&ptgId=45&productId=195?tab=0,4,1,1,285
228,Germany,2023-04-12,/marktplatz%3Ftab=0&ptgId=64?tab=0&ptgId=64,2,2,1,0
1113,Austria,2023-04-12,/marktplatz?tab=0&appSubPro=205&productId=205,0,1,1,0
1114,Austria,2023-04-12,/marktplatz?tab=0&ptgId=45&productId=195,0,1,1,0
1115,Austria,2023-04-12,/marktplatz?tab=0&ptgId=57,0,1,1,0
1101,United States,2023-04-12,/marktplatz?tab=0,1,1,1,0
1140,Finland,2023-04-12,/marktplatz?tab=0&appSubPro=205&productId=205,0,1,1,0
1199,Germany,2023-04-12,/marktplatz?tab=0,0,2,2,7
1200,Germany,2023-04-12,/marktplatz?tab=0&ptgId=64,0,2,1,0
1201,Germany,2023-04-12,/marktplatz?tab=0&ptgId=64&productId=308,0,1,1,0
1202,Germany,2023-04-12,/marktplatz?tab=2,0,1,1,0
393,Austria,2023-04-12,/marktplatz%3Ftab=0&ptgId=57?tab=0&ptgId=57&certificationType=PTG_CERT,1,1,1,78
391,Austria,2023-04-12,/marktplatz%3Ftab=0&ptgId=45&productId=195?tab=0&search=LCM%20Digital&productId=287,1,1,1,3
1100,United States,2023-04-12,/marktplatz,1,1,1,0
168,Austria,2023-04-12,/marktplatz%3Ftab=0&ptgId=57?tab=0&ptgId=57,2,1,1,0
666,Germany,2023-04-12,/marktplatz%3Ftab=2?tab=2,1,1,1,2
665,Germany,2023-04-12,/marktplatz%3Ftab=0&ptgId=64?tab=0&ptgId=64&productId=308,1,1,1,0
167,Austria,2023-04-12,/marktplatz%3Ftab=0&ptgId=45&productId=195?tab=0&search=LCM%20Digital,2,1,1,35
166,Austria,2023-04-12,/marktplatz%3Ftab=0&ptgId=45&productId=195?tab=0&ptgId=26&attr=83&attr=117,2,1,1,110
1301,United States,2023-04-12,/,0,1,1,0
1292,Russia,2023-04-12,/,0,1,1,0
1195,Germany,2023-04-11,/marktplatz?tab=1,0,1,1,0
1191,Germany,2023-04-11,/marktplatz?tab=0&attr=20&appSubPro=124&productId=124,0,1,1,1
1192,Germany,2023-04-11,/marktplatz?tab=0&attr=20&productId=124,0,1,1,0
1193,Germany,2023-04-11,/marktplatz?tab=0&ptgId=45&productId=195,0,1,1,0
1194,Germany,2023-04-11,/marktplatz?tab=0&ptgId=64,0,1,1,0
1197,Germany,2023-04-11,/marktplatz?tab=2&organisationId=6,0,2,2,0
1196,Germany,2023-04-11,/marktplatz?tab=2,0,2,1,0
220,Germany,2023-04-11,/marktplatz%3Ftab=2?tab=0&orgId=6&productId=10,2,2,1,6
1198,Germany,2023-04-11,/organisations/,0,1,1,0
221,Germany,2023-04-11,/marktplatz%3Ftab=2?tab=0&orgId=6&productId=7,2,2,1,16
222,Germany,2023-04-11,/marktplatz%3Ftab=2?tab=0&orgId=6&productId=8,2,2,1,26
223,Germany,2023-04-11,/marktplatz%3Ftab=2?tab=0&orgId=6&productId=9,2,2,1,7
21,Germany,2023-04-11,/marktplatz,16,5,4,100
49,Germany,2023-04-11,/organisations/6/information,9,1,1,121
39,Germany,2023-04-11,/marktplatz?tab=0,10,12,9,159
33,Germany,2023-04-11,/marktplatz%3Ftab=0?tab=0,13,4,3,179
1190,Germany,2023-04-11,/marktplatz?tab=0&attr=118&productId=255,0,1,1,0
77,Germany,2023-04-11,/organisations/6/information?tab=0,5,1,1,38
219,Germany,2023-04-11,/marktplatz%3Ftab=0&ptgId=45&productId=195?tab=1,2,2,1,2
123,Germany,2023-04-11,/marktplatz%3Ftab=2?tab=0&orgId=6,3,2,1,22
1075,Ireland,2023-04-11,/marktplatz,1,1,1,0
91,Germany,2023-04-11,/marktplatz%3Ftab=0&ptgId=64?tab=0&ptgId=64,4,1,1,63
92,Germany,2023-04-11,/marktplatz%3Ftab=2?tab=2,4,2,1,6
93,Germany,2023-04-11,/marktplatz%3Ftab=2?tab=2&organisationId=6,4,2,1,103
120,Germany,2023-04-11,/,3,5,4,34
121,Germany,2023-04-11,/marktplatz%3Ftab=2&organisationId=6?tab=2&orgId=6&organisationId=6,3,2,2,38
122,Germany,2023-04-11,/marktplatz%3Ftab=2&organisationId=6?tab=2&organisationId=6,3,2,2,14
224,Germany,2023-04-11,/marktplatz?tab=0&search=GAMMA%20AR,2,1,1,22
218,Germany,2023-04-11,/marktplatz%3Ftab=0&ptgId=20?tab=0&ptgId=20,2,1,1,105
225,Germany,2023-04-11,/organisations/6/information?tab=0&orgId=6,2,1,1,26
226,Germany,2023-04-11,/organisations/6/information?tab=2,2,1,1,82
227,Germany,2023-04-11,/organisations/6/information?tab=2&search=Hottgenroth%20Software,2,1,1,2
1277,Ireland,2023-04-11,/?fbclid=IwAR2V9PgbYW4ixuZNUZ2gV9uOGdqneiJblKfVz1WchJUFhYgjQAmlaqfEcO8,0,1,1,0
9,Germany,2023-04-11,/marktplatz%3Ftab=0,55,2,2,482
217,Germany,2023-04-11,/marktplatz%3Ftab=0&orgId=6?tab=0&orgId=6,2,2,2,30
1076,Ireland,2023-04-11,/marktplatz?tab=0,1,1,1,0
28,Germany,2023-04-11,/profil/mitgliedschaften,14,1,1,192
654,Germany,2023-04-11,/marktplatz%3Ftab=0&ptgId=45&productId=195?tab=0,1,1,1,11
660,Germany,2023-04-11,/marktplatz?tab=0&orgId=6,1,2,2,1
656,Germany,2023-04-11,/marktplatz%3Ftab=0&ptgId=45&productId=195?tab=0&ptgId=45&productId=195,1,1,1,1
648,Germany,2023-04-11,/marktplatz%3Ftab=0&orgId=6?tab=0&orgId=6&productId=7,1,1,1,55
649,Germany,2023-04-11,/marktplatz%3Ftab=0&ptgId=20?tab=0,1,1,1,18
650,Germany,2023-04-11,/marktplatz%3Ftab=0&ptgId=20?tab=0&ptgId=16,1,1,1,43
651,Germany,2023-04-11,/marktplatz%3Ftab=0&ptgId=20?tab=0&ptgId=16&rating=5,1,1,1,1
653,Germany,2023-04-11,/marktplatz%3Ftab=0&ptgId=20?tab=0&ptgId=59&ptgId=16,1,1,1,1
655,Germany,2023-04-11,/marktplatz%3Ftab=0&ptgId=45&productId=195?tab=0&ptgId=45&appSubPro=195&productId=195,1,1,1,5
657,Germany,2023-04-11,/marktplatz%3Ftab=0&ptgId=45&productId=195?tab=1&certificationId=21,1,1,1,17
646,Germany,2023-04-11,/login%3Fcode=_fLLSX?code=_fLLSX,1,1,1,0
664,Germany,2023-04-11,/organisations/6/information?tab=2&search=Hottgenroth%20Software&organisationId=6,1,1,1,6
663,Germany,2023-04-11,/organisations/6/information?tab=0&orgId=6&search=Hottgenroth%20Software,1,1,1,14
662,Germany,2023-04-11,/marktplatz?tab=0&search=GAMMA%20AR&productId=308,1,1,1,4
661,Germany,2023-04-11,/marktplatz?tab=0&ptgId=46,1,1,1,8
659,Germany,2023-04-11,/marktplatz%3Ftab=2&organisationId=6?tab=0&orgId=6,1,1,1,3
658,Germany,2023-04-11,/marktplatz%3Ftab=0?tab=0&ptgId=64,1,1,1,18
647,Germany,2023-04-11,/marktplatz%3Ftab=0&attr=118&productId=255?tab=0&attr=118&productId=255,1,1,1,5
652,Germany,2023-04-11,/marktplatz%3Ftab=0&ptgId=20?tab=0&ptgId=59,1,1,1,26
645,Germany,2023-04-10,/marktplatz%3Ftab=0?tab=0,1,1,1,0
1099,United States,2023-04-10,/marktplatz,1,1,1,4
1300,United States,2023-04-10,/,0,1,1,0
1291,Russia,2023-04-10,/,0,2,2,0
1189,Germany,2023-04-10,/marktplatz?tab=0,0,1,1,0
643,Germany,2023-04-08,/marktplatz,1,1,1,9
383,Austria,2023-04-08,/marktplatz,1,1,1,2
1112,Austria,2023-04-08,/,0,1,1,0
165,Austria,2023-04-08,/marktplatz%3Ftab=0?tab=0,2,1,1,40
644,Germany,2023-04-08,/marktplatz?tab=0,1,1,1,2
1188,Germany,2023-04-08,/,0,1,1,0
216,Germany,2023-04-08,/marktplatz%3Ftab=0&productId=210?tab=0&productId=210,2,1,1,82
485,France,2023-04-07,/marktplatz,1,1,1,3
486,France,2023-04-07,/marktplatz?tab=0,1,1,1,3
1145,France,2023-04-07,/,0,1,1,0
1279,Italy,2023-04-07,/,0,1,1,0
604,Germany,2023-04-06,/marktplatz%3Ftab=0&ptgId=57&productId=151?tab=0&ptgId=7&orgId=193,1,1,1,1
611,Germany,2023-04-06,/marktplatz%3Ftab=0&ptgId=57&productId=151?tab=0&ptgId=7&productId=251,1,1,1,5
610,Germany,2023-04-06,/marktplatz%3Ftab=0&ptgId=57&productId=151?tab=0&ptgId=7&productId=240&orgId=222,1,1,1,1
609,Germany,2023-04-06,/marktplatz%3Ftab=0&ptgId=57&productId=151?tab=0&ptgId=7&productId=240,1,1,1,37
608,Germany,2023-04-06,/marktplatz%3Ftab=0&ptgId=57&productId=151?tab=0&ptgId=7&productId=187,1,1,1,18
607,Germany,2023-04-06,/marktplatz%3Ftab=0&ptgId=57&productId=151?tab=0&ptgId=7&productId=174,1,1,1,24
612,Germany,2023-04-06,/marktplatz%3Ftab=0&ptgId=57&productId=151?tab=0&ptgId=7&productId=278,1,1,1,15
606,Germany,2023-04-06,/marktplatz%3Ftab=0&ptgId=57&productId=151?tab=0&ptgId=7&productId=161,1,1,1,18
605,Germany,2023-04-06,/marktplatz%3Ftab=0&ptgId=57&productId=151?tab=0&ptgId=7&orgId=222,1,1,1,14
599,Germany,2023-04-06,/marktplatz%3Ftab=0&ptgId=57&productId=151?tab=0&ptgId=49&productId=71,1,1,1,28
603,Germany,2023-04-06,/marktplatz%3Ftab=0&ptgId=57&productId=151?tab=0&ptgId=58,1,1,1,1
602,Germany,2023-04-06,/marktplatz%3Ftab=0&ptgId=57&productId=151?tab=0&ptgId=57&productId=151,1,1,1,0
601,Germany,2023-04-06,/marktplatz%3Ftab=0&ptgId=57&productId=151?tab=0&ptgId=57&appSubPro=151&productId=151,1,1,1,2
600,Germany,2023-04-06,/marktplatz%3Ftab=0&ptgId=57&productId=151?tab=0&ptgId=57,1,1,1,34
614,Germany,2023-04-06,/marktplatz%3Ftab=0&ptgId=57&productId=151?tab=0&ptgId=7&productId=52,1,1,1,2
598,Germany,2023-04-06,/marktplatz%3Ftab=0&ptgId=57&productId=151?tab=0&productId=14,1,1,1,102
207,Germany,2023-04-06,/,2,2,2,5
632,Germany,2023-04-06,/marktplatz%3Ftab=0?tab=2&orgId=57&organisationId=57,1,1,1,10
631,Germany,2023-04-06,/marktplatz%3Ftab=0?tab=2,1,1,1,24
630,Germany,2023-04-06,/marktplatz%3Ftab=0?tab=1&orgId=113,1,1,1,4
629,Germany,2023-04-06,/marktplatz%3Ftab=0?tab=1&certificationId=11,1,1,1,54
208,Germany,2023-04-06,/marktplatz,2,3,3,2
209,Germany,2023-04-06,/marktplatz%3Ftab=0&ptgId=45&productId=195?tab=0&ptgId=45,2,2,1,13
210,Germany,2023-04-06,/marktplatz%3Ftab=0&ptgId=45&productId=195?tab=0&ptgId=57,2,1,1,25
613,Germany,2023-04-06,/marktplatz%3Ftab=0&ptgId=57&productId=151?tab=0&ptgId=7&productId=280,1,1,1,27
90,Germany,2023-04-06,/marktplatz?tab=1,4,2,1,87
615,Germany,2023-04-06,/marktplatz%3Ftab=0&ptgId=57&productId=151?tab=0&ptgId=7&productId=87,1,1,1,8
642,Germany,2023-04-06,/marktplatz?tab=1&certificationId=26,1,1,1,26
626,Germany,2023-04-06,/marktplatz%3Ftab=0?tab=0&productId=203,1,1,1,30
32,Germany,2023-04-06,/marktplatz%3Ftab=0&ptgId=57&productId=151?tab=0&ptgId=7,13,1,1,182
625,Germany,2023-04-06,/marktplatz%3Ftab=0&ptgId=57&productId=27?tab=0&ptgId=57&productId=27,1,1,1,0
119,Germany,2023-04-06,/marktplatz%3Ftab=0&ptgId=57&productId=151?tab=0&orgId=240&ptgId=7,3,1,1,22
118,Germany,2023-04-06,/marktplatz%3Ftab=0&ptgId=45&productId=195?tab=0&ptgId=45&appSubPro=195&productId=195,3,2,1,12
117,Germany,2023-04-06,/marktplatz%3Ftab=0&ptgId=45&productId=195?tab=0,3,3,1,32
624,Germany,2023-04-06,/marktplatz%3Ftab=0&ptgId=57&productId=27?tab=0&ptgId=57&productId=151,1,1,1,36
623,Germany,2023-04-06,/marktplatz%3Ftab=0&ptgId=57&productId=27?tab=0&ptgId=57&productId=13,1,1,1,11
622,Germany,2023-04-06,/marktplatz%3Ftab=0&ptgId=57&productId=27?tab=0&ptgId=57&appSubPro=27&productId=27,1,1,1,4
621,Germany,2023-04-06,/marktplatz%3Ftab=0&ptgId=57&productId=27?tab=0&ptgId=57,1,1,1,31
620,Germany,2023-04-06,/marktplatz%3Ftab=0&ptgId=57&productId=151?tab=2&orgId=240&organisationId=240&ptgId=7,1,1,1,1
164,Austria,2023-04-06,/marktplatz?tab=0,2,1,1,46
641,Germany,2023-04-06,/marktplatz?tab=1&certificationId=19,1,1,1,2
89,Germany,2023-04-06,/marktplatz%3Ftab=0&ptgId=45&productId=195?tab=0&ptgId=45&productId=195,4,2,1,13
640,Germany,2023-04-06,/marktplatz?tab=0&certificationType=ATTRIBUTE_CERT&productId=124,1,1,1,17
639,Germany,2023-04-06,/marktplatz?tab=0&certificationType=ATTRIBUTE_CERT,1,1,1,13
638,Germany,2023-04-06,/marktplatz?tab=0,1,5,3,2
637,Germany,2023-04-06,/marktplatz%3Ftab=2?tab=2&organisationId=6,1,1,1,458
212,Germany,2023-04-06,/marktplatz%3Ftab=0&ptgId=57&productId=151?tab=0&ptgId=49,2,1,1,115
636,Germany,2023-04-06,/marktplatz%3Ftab=2?tab=0&orgId=6&productId=10,1,2,1,14
635,Germany,2023-04-06,/marktplatz%3Ftab=2?tab=0&orgId=6,1,1,1,19
634,Germany,2023-04-06,/marktplatz%3Ftab=0?tab=2&organisationId=113&orgId=113,1,1,1,1
633,Germany,2023-04-06,/marktplatz%3Ftab=0?tab=2&organisationId=113,1,1,1,32
618,Germany,2023-04-06,/marktplatz%3Ftab=0&ptgId=57&productId=151?tab=2&orgId=222&organisationId=222,1,1,1,8
617,Germany,2023-04-06,/marktplatz%3Ftab=0&ptgId=57&productId=151?tab=2&orgId=193&organisationId=193&ptgId=7,1,1,1,1
616,Germany,2023-04-06,/marktplatz%3Ftab=0&ptgId=57&productId=151?tab=2&orgId=193&organisationId=193,1,1,1,10
211,Germany,2023-04-06,/marktplatz%3Ftab=0&ptgId=57&productId=151?tab=0&orgId=240&ptgId=7&productId=280,2,1,1,7
619,Germany,2023-04-06,/marktplatz%3Ftab=0&ptgId=57&productId=151?tab=2&orgId=222&organisationId=222&ptgId=7,1,1,1,1
213,Germany,2023-04-06,/marktplatz%3Ftab=0&ptgId=57&productId=151?tab=0&ptgId=7&productId=201,2,1,1,38
1180,Germany,2023-04-06,/marktplatz?tab=0&appSubPro=205&productId=205,0,1,1,36
1110,Austria,2023-04-06,/marktplatz,0,1,1,0
1111,Austria,2023-04-06,/marktplatz?tab=2,0,1,1,10
68,Germany,2023-04-06,/marktplatz%3Ftab=0?tab=0,6,3,3,39
1177,Germany,2023-04-06,/hexagonppm.com,0,1,1,0
1178,Germany,2023-04-06,/marktplatz%3Ftab=0&ptgId=57&productId=151?tab=0&orgId=240,0,1,1,18
1179,Germany,2023-04-06,/marktplatz%3Ftab=0&ptgId=57&productId=151?tab=2&orgId=240&organisationId=240,0,1,1,18
1181,Germany,2023-04-06,/marktplatz?tab=0&orgId=6,0,2,2,0
57,Germany,2023-04-06,/marktplatz%3Ftab=0&ptgId=57&productId=151?tab=0,8,3,1,92
1182,Germany,2023-04-06,/marktplatz?tab=0&orgId=6&productId=10,0,1,1,0
1183,Germany,2023-04-06,/marktplatz?tab=0&ptgId=45&productId=195,0,2,1,0
1184,Germany,2023-04-06,/marktplatz?tab=0&ptgId=57&productId=151,0,1,1,0
1185,Germany,2023-04-06,/marktplatz?tab=0&ptgId=57&productId=27,0,1,1,0
1186,Germany,2023-04-06,/marktplatz?tab=2,0,2,2,0
1187,Germany,2023-04-06,/pmgnet.de,0,1,1,0
214,Germany,2023-04-06,/marktplatz%3Ftab=0?tab=1,2,1,1,47
628,Germany,2023-04-06,/marktplatz%3Ftab=0?tab=0&search=contact&productId=246,1,1,1,212
596,Germany,2023-04-06,/marktplatz%3Ftab=0&ptgId=45&productId=195?tab=2&search=Hottgenroth%20Software%20GmbH%20%26%20Co.%20KG,1,1,1,1
378,Austria,2023-04-06,/marktplatz%3Ftab=0&productId=124?tab=0&appSubPro=124&productId=124,1,1,1,1
591,Germany,2023-04-06,/marktplatz%3Ftab=0&ptgId=45&productId=195?tab=0&orgId=6&search=Hottgenroth%20Software%20GmbH%20%26%20Co.%20KG,1,1,1,1
590,Germany,2023-04-06,/marktplatz%3Ftab=0&ptgId=45&productId=195?tab=0&orgId=6,1,2,1,10
593,Germany,2023-04-06,/marktplatz%3Ftab=0&ptgId=45&productId=195?tab=0&ptgId=57&productId=27,1,1,1,44
594,Germany,2023-04-06,/marktplatz%3Ftab=0&ptgId=45&productId=195?tab=0&search=hottgen,1,1,1,1
595,Germany,2023-04-06,/marktplatz%3Ftab=0&ptgId=45&productId=195?tab=2,1,1,1,15
597,Germany,2023-04-06,/marktplatz%3Ftab=0&ptgId=45&productId=195?tab=2&search=Hottgenroth%20Software%20GmbH%20%26%20Co.%20KG&organisationId=6,1,1,1,6
592,Germany,2023-04-06,/marktplatz%3Ftab=0&ptgId=45&productId=195?tab=0&ptgId=57&productId=242,1,1,1,12
589,Germany,2023-04-06,/marktplatz%3Ftab=0&orgId=6?tab=0&orgId=6,1,1,1,11
379,Austria,2023-04-06,/marktplatz%3Ftab=0&productId=124?tab=0&appSubPro=124&productId=154,1,1,1,9
380,Austria,2023-04-06,/marktplatz%3Ftab=0&productId=124?tab=0&productId=124,1,1,1,0
381,Austria,2023-04-06,/marktplatz?tab=0&productId=124,1,3,2,5
382,Austria,2023-04-06,/marktplatz?tab=0&productId=154,1,1,1,1
627,Germany,2023-04-06,/marktplatz%3Ftab=0?tab=0&search=contact,1,1,1,1
215,Germany,2023-04-06,/marktplatz%3Ftab=2?tab=2,2,2,2,8
1170,Germany,2023-04-05,/login?code=6WLx12,0,1,1,0
76,Germany,2023-04-05,/marktplatz%3Ftab=0,5,5,3,34
73,Austria,2023-04-05,/marktplatz?tab=2,5,2,1,70
1168,Germany,2023-04-05,/,0,3,2,4
1169,Germany,2023-04-05,/login,0,1,1,0
588,Germany,2023-04-05,/registry/confirm%3Fcode=52869d94-0abe-442d-9183-57b6e1f28434?code=52869d94-0abe-442d-9183-57b6e1f28434,1,1,1,0
1175,Germany,2023-04-05,/marktplatz?tab=0&appSubPro=205&productId=205,0,2,2,0
1171,Germany,2023-04-05,/login?code=KGb2zx,0,1,1,0
1172,Germany,2023-04-05,/login?code=PwUgfQ,0,1,1,0
1173,Germany,2023-04-05,/login?code=lXS421,0,1,1,0
1174,Germany,2023-04-05,/login?code=pUEjpo,0,1,1,0
567,Germany,2023-04-05,/login%3Fcode=KGb2zx?tab=0,1,1,1,3
1176,Germany,2023-04-05,/registry/confirm?code=52869d94-0abe-442d-9183-57b6e1f28434,0,1,1,0
566,Germany,2023-04-05,/login%3Fcode=6WLx12?code=6WLx12,1,1,1,4
106,Austria,2023-04-05,/marktplatz,3,1,1,2
568,Germany,2023-04-05,/login%3Fcode=O8OfoU,1,1,1,0
578,Germany,2023-04-05,/marktplatz%3Ftab=2?tab=0&orgId=6&appSubPro=7&productId=7,1,1,1,74
586,Germany,2023-04-05,/marktplatz?tab=2,1,2,2,3
585,Germany,2023-04-05,/marktplatz?tab=1,1,2,1,10
584,Germany,2023-04-05,/marktplatz?tab=0&certificationType=ATTRIBUTE_CERT&certificationType=PTG_CERT&productId=180,1,1,1,13
583,Germany,2023-04-05,/marktplatz?tab=0&certificationType=ATTRIBUTE_CERT&certificationType=PTG_CERT,1,1,1,2
346,Austria,2023-04-05,/marktplatz?tab=0&productId=234,1,1,1,22
53,Austria,2023-04-05,/marktplatz?tab=0,8,2,1,57
582,Germany,2023-04-05,/marktplatz?tab=0&certificationType=ATTRIBUTE_CERT,1,1,1,8
581,Germany,2023-04-05,/marktplatz%3Ftab=2?tab=2&organisationId=6,1,1,1,53
580,Germany,2023-04-05,/marktplatz%3Ftab=2?tab=2,1,1,1,0
579,Germany,2023-04-05,/marktplatz%3Ftab=2?tab=0&orgId=6&productId=7,1,1,1,6
1096,Russia,2023-04-05,/marktplatz,1,1,1,2
587,Germany,2023-04-05,/registry/confirm%3Fcode=52869d94-0abe-442d-9183-57b6e1f28434,1,1,1,4
1097,Russia,2023-04-05,/marktplatz?tab=0,1,1,1,4
577,Germany,2023-04-05,/marktplatz%3Ftab=2?tab=0&orgId=6,1,1,1,20
576,Germany,2023-04-05,/marktplatz%3Ftab=2,1,1,1,6
575,Germany,2023-04-05,/login%3Fcode=rIyXgB?code=rIyXgB,1,1,1,51
574,Germany,2023-04-05,/login%3Fcode=pUEjpo?tab=0,1,1,1,18
573,Germany,2023-04-05,/login%3Fcode=pUEjpo,1,1,1,0
572,Germany,2023-04-05,/login%3Fcode=lXS421?code=lXS421,1,1,1,8
571,Germany,2023-04-05,/login%3Fcode=gv0Z2x?code=gv0Z2x,1,1,1,0
570,Germany,2023-04-05,/login%3Fcode=PwUgfQ?code=PwUgfQ,1,1,1,7
569,Germany,2023-04-05,/login%3Fcode=O8OfoU?code=O8OfoU,1,1,1,0
1109,Austria,2023-04-05,/,0,1,1,0
347,Austria,2023-04-05,/marktplatz?tab=0&productId=237,1,1,1,14
35,Germany,2023-04-05,/marktplatz?tab=0,12,7,5,276
375,Austria,2023-04-05,/marktplatz?tab=2&organisationId=226,1,1,1,2
354,Austria,2023-04-05,/marktplatz?tab=0&productId=311,1,1,1,6
356,Austria,2023-04-05,/marktplatz?tab=0&productId=68,1,1,1,14
357,Austria,2023-04-05,/marktplatz?tab=0&productId=70,1,1,1,25
358,Austria,2023-04-05,/marktplatz?tab=0&productId=73,1,1,1,2
359,Austria,2023-04-05,/marktplatz?tab=0&search=artaker,1,1,1,4
360,Austria,2023-04-05,/marktplatz?tab=0&search=dienstleistung&productId=154,1,1,1,2
361,Austria,2023-04-05,/marktplatz?tab=0&search=revit&productId=50,1,1,1,7
362,Austria,2023-04-05,/marktplatz?tab=1,1,1,1,5
363,Austria,2023-04-05,/marktplatz?tab=1&certifiId=27&certificationId=27,1,1,1,24
364,Austria,2023-04-05,/marktplatz?tab=1&certificationId=12,1,1,1,1
365,Austria,2023-04-05,/marktplatz?tab=1&certificationId=15,1,1,1,2
366,Austria,2023-04-05,/marktplatz?tab=1&certificationId=20,1,1,1,6
367,Austria,2023-04-05,/marktplatz?tab=1&certificationId=21,1,1,1,10
368,Austria,2023-04-05,/marktplatz?tab=1&certificationId=24,1,1,1,3
369,Austria,2023-04-05,/marktplatz?tab=1&certificationId=27,1,1,1,4
370,Austria,2023-04-05,/marktplatz?tab=1&certificationId=30,1,1,1,1
371,Austria,2023-04-05,/marktplatz?tab=2&organisationId=200,1,1,1,3
372,Austria,2023-04-05,/marktplatz?tab=2&organisationId=202,1,1,1,3
373,Austria,2023-04-05,/marktplatz?tab=2&organisationId=214,1,1,1,2
353,Austria,2023-04-05,/marktplatz?tab=0&productId=304,1,1,1,8
352,Austria,2023-04-05,/marktplatz?tab=0&productId=3,1,1,1,3
351,Austria,2023-04-05,/marktplatz?tab=0&productId=292,1,1,1,2
340,Austria,2023-04-05,/marktplatz?tab=0&productId=170,1,1,1,1
332,Austria,2023-04-05,/marktplatz?tab=0&attr=14,1,1,1,1
333,Austria,2023-04-05,/marktplatz?tab=0&orgId=198&productId=203,1,1,1,9
334,Austria,2023-04-05,/marktplatz?tab=0&orgId=198&search=artaker,1,1,1,1
335,Austria,2023-04-05,/marktplatz?tab=0&orgId=53,1,1,1,4
336,Austria,2023-04-05,/marktplatz?tab=0&productId=124,1,1,1,7
337,Austria,2023-04-05,/marktplatz?tab=0&productId=126,1,1,1,1
338,Austria,2023-04-05,/marktplatz?tab=0&productId=143,1,1,1,6
339,Austria,2023-04-05,/marktplatz?tab=0&productId=15,1,1,1,13
341,Austria,2023-04-05,/marktplatz?tab=0&productId=180,1,1,1,2
350,Austria,2023-04-05,/marktplatz?tab=0&productId=290,1,1,1,7
342,Austria,2023-04-05,/marktplatz?tab=0&productId=203,1,1,1,6
343,Austria,2023-04-05,/marktplatz?tab=0&productId=204,1,1,1,13
344,Austria,2023-04-05,/marktplatz?tab=0&productId=219,1,1,1,19
345,Austria,2023-04-05,/marktplatz?tab=0&productId=233,1,1,1,2
348,Austria,2023-04-05,/marktplatz?tab=0&productId=272,1,1,1,3
1290,Russia,2023-04-05,/,0,2,2,0
1283,Netherlands,2023-04-05,/,0,1,1,0
349,Austria,2023-04-05,/marktplatz?tab=0&productId=288,1,1,1,5
374,Austria,2023-04-05,/marktplatz?tab=2&organisationId=217,1,1,1,7
355,Austria,2023-04-05,/marktplatz?tab=0&productId=66,1,1,1,4
376,Austria,2023-04-05,/marktplatz?tab=2&organisationId=230,1,1,1,2
163,Austria,2023-04-05,/marktplatz?tab=2&organisationId=53,2,1,1,21
162,Austria,2023-04-05,/marktplatz?tab=2&organisationId=198,2,2,1,18
377,Austria,2023-04-05,/marktplatz?tab=2&organisationId=56,1,1,1,7
161,Austria,2023-04-05,/marktplatz?tab=0&search=revit,2,1,1,17
160,Austria,2023-04-05,/marktplatz?tab=0&search=dienstleistung,2,1,1,3
159,Austria,2023-04-05,/marktplatz?tab=0&productId=72,2,1,1,4
158,Austria,2023-04-05,/marktplatz?tab=0&productId=44,2,1,1,35
157,Austria,2023-04-05,/marktplatz?tab=0&productId=235,2,1,1,12
156,Austria,2023-04-05,/marktplatz?tab=0&productId=154,2,2,1,1
155,Austria,2023-04-05,/marktplatz?tab=0&orgId=198,2,1,1,40
10,Germany,2023-04-05,/marktplatz,50,5,3,133
25,Germany,2023-04-05,/marktplatz%3Ftab=0?tab=0,15,4,3,96
206,Germany,2023-04-05,/login%3Fcode=pUEjpo?code=pUEjpo,2,1,1,11
205,Germany,2023-04-05,/login%3Fcode=KGb2zx?code=KGb2zx,2,1,1,3
204,Germany,2023-04-05,/login%3Fcode=KGb2zx,2,1,1,30
558,Germany,2023-04-04,/marktplatz%3Ftab=0&category=APP?tab=0&category=APP&ptgId=18&productId=247,1,1,1,22
563,Germany,2023-04-04,/marktplatz%3Ftab=2&organisationId=6?tab=0&orgId=6&productId=8,1,1,1,30
556,Germany,2023-04-04,/login%3Fcode=sVfegZ?code=sVfegZ,1,1,1,13
565,Germany,2023-04-04,/marktplatz?tab=0&appSubPro=311&productId=311,1,1,1,42
564,Germany,2023-04-04,/marktplatz%3Ftab=2&organisationId=6?tab=0&orgId=6&productId=9,1,1,1,247
557,Germany,2023-04-04,/marktplatz%3Ftab=0&category=APP?tab=0&category=APP&ptgId=18,1,1,1,1
67,Germany,2023-04-04,/marktplatz%3Ftab=0?tab=0,6,4,4,1
562,Germany,2023-04-04,/marktplatz%3Ftab=2&organisationId=6?tab=0&orgId=6&productId=7,1,1,1,146
561,Germany,2023-04-04,/marktplatz%3Ftab=2&organisationId=6?tab=0&orgId=6&productId=10,1,1,1,5
560,Germany,2023-04-04,/marktplatz%3Ftab=2&organisationId=6?tab=0&orgId=6,1,1,1,47
559,Germany,2023-04-04,/marktplatz%3Ftab=0?tab=0&productId=311,1,2,1,78
12,Germany,2023-04-04,/marktplatz,33,7,6,370
554,Germany,2023-04-04,/login,1,1,1,5
555,Germany,2023-04-04,/login%3Fcode=mjvMT5?code=mjvMT5,1,1,1,69
1293,Seychelles,2023-04-04,/,0,1,1,0
1165,Germany,2023-04-04,/marktplatz%3Ftab=0?tab=0&productId=237,0,1,1,0
203,Germany,2023-04-04,/marktplatz?tab=0&productId=311,2,2,2,16
48,Germany,2023-04-04,/marktplatz?tab=0,9,9,8,19
1162,Germany,2023-04-04,/,0,7,6,0
202,Germany,2023-04-04,/marktplatz%3Ftab=2&organisationId=6?tab=2&organisationId=6,2,1,1,572
201,Germany,2023-04-04,/marktplatz%3Ftab=0&category=APP?tab=0&category=APP,2,1,1,70
1163,Germany,2023-04-04,/login?code=mjvMT5,0,1,1,0
1164,Germany,2023-04-04,/login?code=sVfegZ,0,1,1,0
1166,Germany,2023-04-04,/marktplatz?tab=0&productId=237,0,1,1,0
1167,Germany,2023-04-04,/marktplatz?tab=2,0,1,1,0
331,Austria,2023-04-03,/marktplatz%3Ftab=0&productId=305?tab=0&ptgId=20&productId=221,1,2,1,4
154,Austria,2023-04-03,/marktplatz%3Ftab=0&productId=305?tab=0&productId=305,2,1,1,35
548,Germany,2023-04-03,/marktplatz%3Ftab=0?tab=0&search=cloudbrixx,1,1,1,14
330,Austria,2023-04-03,/marktplatz%3Ftab=0&productId=305?tab=0&ptgId=20,1,1,1,1
551,Germany,2023-04-03,/marktplatz%3Ftab=1?tab=0&category=SERVICE,1,1,1,41
552,Germany,2023-04-03,/marktplatz%3Ftab=1?tab=1&certificationId=25,1,1,1,62
549,Germany,2023-04-03,/marktplatz%3Ftab=1?tab=0,1,1,1,6
550,Germany,2023-04-03,/marktplatz%3Ftab=1?tab=0&category=CONTENT,1,1,1,6
1161,Germany,2023-04-03,/,0,6,6,0
37,Germany,2023-04-03,/marktplatz%3Ftab=0?tab=0,11,6,5,59
553,Germany,2023-04-03,/marktplatz%3Ftab=1?tab=2,1,1,1,30
1299,United States,2023-04-03,/,0,1,1,0
547,Germany,2023-04-03,/marktplatz%3Ftab=0?tab=0&productId=154,1,1,1,18
329,Austria,2023-04-03,/marktplatz%3Ftab=0&productId=305?tab=0,1,1,1,18
1107,Austria,2023-04-03,/marktplatz?tab=0,0,1,1,0
545,Germany,2023-04-03,/marktplatz%3Ftab=0&productId=154?tab=0&productId=154,1,1,1,0
200,Germany,2023-04-03,/marktplatz%3Ftab=0&productId=287?tab=0&productId=287,2,1,1,738
544,Germany,2023-04-03,/marktplatz%3Ftab=0&productId=154?tab=0&appSubPro=154&productId=154,1,1,1,17
546,Germany,2023-04-03,/marktplatz%3Ftab=0&productId=287?tab=0,1,1,1,222
87,Germany,2023-04-03,/marktplatz%3Ftab=1?tab=1,4,1,1,111
88,Germany,2023-04-03,/marktplatz?tab=0,4,8,7,43
47,Germany,2023-04-03,/marktplatz,9,6,6,3
1108,Austria,2023-04-03,/marktplatz?tab=0&ptgId=20&productId=221,0,1,1,0
1098,United States,2023-04-02,/marktplatz,1,1,1,4
1298,United States,2023-04-02,/privacy,0,1,1,0
1282,Netherlands,2023-04-02,/marktplatz?tab=2&orgId=73&organisationId=73,0,1,1,9
1297,United States,2023-04-02,/,0,1,1,0
196,Germany,2023-03-31,/marktplatz?tab=0&ptgId=45&appSubPro=195&productId=195,2,1,1,6
535,Germany,2023-03-31,/marktplatz%3Ftab=0?tab=0&attr=86,1,1,1,1
199,Germany,2023-03-31,/marktplatz?tab=0&search=orca%20ava&productId=195,2,1,1,3
193,Germany,2023-03-31,/marktplatz%3Ftab=0?tab=0&ptgId=45&productId=108,2,1,1,42
36,Germany,2023-03-31,/marktplatz,11,6,5,39
116,Germany,2023-03-31,/marktplatz?tab=0&search=orca%20ava,3,1,1,14
194,Germany,2023-03-31,/marktplatz%3Ftab=0?tab=0&ptgId=45&productId=195,2,1,1,24
198,Germany,2023-03-31,/marktplatz?tab=0&search=AUSSCHREIBEN.DE,2,1,1,24
46,Germany,2023-03-31,/marktplatz?tab=0,9,6,4,69
1159,Germany,2023-03-31,/,0,5,5,0
197,Germany,2023-03-31,/marktplatz?tab=0&ptgId=45&productId=195,2,1,1,92
1160,Germany,2023-03-31,/marktplatz?tab=0&productId=311,0,1,1,4
195,Germany,2023-03-31,/marktplatz?tab=0&ptgId=45,2,1,1,7
537,Germany,2023-03-31,/marktplatz%3Ftab=0?tab=0&attr=86&productId=280,1,1,1,9
536,Germany,2023-03-31,/marktplatz%3Ftab=0?tab=0&attr=86&productId=220,1,1,1,25
192,Germany,2023-03-31,/marktplatz%3Ftab=0?tab=0&ptgId=45,2,1,1,3
538,Germany,2023-03-31,/marktplatz%3Ftab=0?tab=0&productId=237,1,1,1,6
541,Germany,2023-03-31,/marktplatz?tab=0&search=AUSSCHREIBEN.DE&productId=311,1,1,1,4
539,Germany,2023-03-31,/marktplatz%3Ftab=0?tab=0&productId=3,1,1,1,11
191,Germany,2023-03-31,/marktplatz%3Ftab=0&productId=143?tab=0&productId=143,2,1,1,4
1296,United States,2023-03-31,/,0,1,1,0
543,Germany,2023-03-31,/marktplatz?tab=2&appSubPro=195&orgId=41&organisationId=41&ptgId=45,1,1,1,1
542,Germany,2023-03-31,/marktplatz?tab=2&appSubPro=195&orgId=41&organisationId=41,1,1,1,38
1106,Austria,2023-03-31,/marktplatz?tab=2&orgId=73&organisationId=73,0,1,1,0
476,Denmark,2023-03-31,/marktplatz,1,1,1,2
1139,Denmark,2023-03-31,/,0,1,1,0
86,Germany,2023-03-31,/marktplatz%3Ftab=0,4,2,1,39
540,Germany,2023-03-31,/marktplatz?tab=0&ptgId=45&productId=195&appSubPro=195&orgId=41,1,1,1,1
31,Germany,2023-03-31,/marktplatz%3Ftab=0?tab=0,13,6,4,75
529,Germany,2023-03-30,/marktplatz?tab=0&search=Kosten,1,1,1,5
533,Germany,2023-03-30,/marktplatz?tab=0&search=VR&productId=309,1,1,1,15
530,Germany,2023-03-30,/marktplatz?tab=0&search=Kosten&productId=65,1,1,1,5
527,Germany,2023-03-30,/marktplatz?tab=0&ptgId=47,1,1,1,5
534,Germany,2023-03-30,/registry,1,1,1,2
531,Germany,2023-03-30,/marktplatz?tab=0&search=VR,1,1,1,4
525,Germany,2023-03-30,/marktplatz?tab=0&ptgId=25&productId=286,1,1,1,37
526,Germany,2023-03-30,/marktplatz?tab=0&ptgId=25&productId=309,1,1,1,9
532,Germany,2023-03-30,/marktplatz?tab=0&search=VR&productId=155,1,1,1,17
528,Germany,2023-03-30,/marktplatz?tab=0&search=5D,1,1,1,11
524,Germany,2023-03-30,/marktplatz?tab=0&ptgId=20,1,1,1,14
1090,Norway,2023-03-30,/marktplatz%3Ftab=0&appSubPro=309&productId=309?tab=0&appSubPro=309&productId=309,1,2,1,4
1288,Norway,2023-03-30,/marktplatz?tab=0&appSubPro=309&productId=309,0,2,1,0
1077,Italy,2023-03-30,/marktplatz?tab=0,1,1,1,2
190,Germany,2023-03-30,/marktplatz?tab=0&search=VR&productId=133,2,2,1,692
1278,Italy,2023-03-30,/,0,1,1,0
1143,France,2023-03-30,/marktplatz%3Ftab=0&appSubPro=309&productId=309?tab=0&appSubPro=309&productId=309,0,1,1,0
1144,France,2023-03-30,/marktplatz?tab=0&appSubPro=309&productId=309,0,1,1,0
523,Germany,2023-03-30,/marktplatz?tab=0&appSubPro=309&productId=309,1,1,1,5
85,Germany,2023-03-30,/marktplatz?tab=0,4,2,2,46
305,Italy,2023-03-30,/marktplatz,2,1,1,0
519,Germany,2023-03-30,/marktplatz,1,1,1,1
520,Germany,2023-03-30,/marktplatz%3Ftab=0&category=CONTENT&ptgId=61&appSubPro=314&productId=314?tab=0&category=CONTENT&ptgId=61&appSubPro=314&productId=314,1,1,1,30
521,Germany,2023-03-30,/marktplatz%3Ftab=0&search=VREX&productId=309?tab=0&appSubPro=309&productId=309,1,2,1,16
522,Germany,2023-03-30,/marktplatz%3Ftab=0&search=VREX&productId=309?tab=0&search=VREX&productId=309,1,1,1,1
1153,Germany,2023-03-30,/,0,1,1,0
1154,Germany,2023-03-30,/login?code=mFgwF9,0,1,1,0
1155,Germany,2023-03-30,/marktplatz?tab=0&category=CONTENT,0,1,1,0
1156,Germany,2023-03-30,/marktplatz?tab=0&category=CONTENT&ptgId=61&appSubPro=314&productId=314,0,1,1,0
1157,Germany,2023-03-30,/marktplatz?tab=0&search=VREX&productId=309,0,1,1,0
1158,Germany,2023-03-30,/registry/confirm?code=f10ea7a2-0c46-4ee2-aaf9-1257eb4c6eb8,0,1,1,0
114,Germany,2023-03-30,/login,3,1,1,71
115,Germany,2023-03-30,/marktplatz?tab=0&ptgId=25,3,1,1,76
510,Germany,2023-03-29,/marktplatz%3Ftab=0&search=bascloud?tab=2&search=Bascloud,1,1,1,16
509,Germany,2023-03-29,/marktplatz%3Ftab=0&search=bascloud?tab=2&search=Basacloud,1,1,1,3
61,Germany,2023-03-29,/marktplatz?tab=0,7,8,7,97
478,France,2023-03-29,/marktplatz%3Ftab=0?tab=0&ptgId=45&attr=123&attr=124,1,1,1,1
508,Germany,2023-03-29,/marktplatz%3Ftab=0&search=bascloud?tab=2,1,1,1,24
56,Germany,2023-03-29,/marktplatz,8,6,6,10
1280,Luxembourg,2023-03-29,/marktplatz?tab=0&appSubPro=205&productId=205,0,1,1,0
44,France,2023-03-29,/marktplatz%3Ftab=0?tab=0&ptgId=45,9,1,1,65
45,Germany,2023-03-29,/marktplatz%3Ftab=0,9,1,1,48
482,France,2023-03-29,/marktplatz%3Ftab=0?tab=0&ptgId=45&certificationType=ATTRIBUTE_CERT&certifiId=15,1,1,1,1
511,Germany,2023-03-29,/marktplatz%3Ftab=0&search=bascloud?tab=2&search=ProFM,1,1,1,28
1281,Netherlands,2023-03-29,/marktplatz?tab=2&orgId=73&organisationId=73,0,2,2,13
484,France,2023-03-29,/marktplatz%3Ftab=0?tab=0&ptgId=45&search=AVA,1,1,1,1
483,France,2023-03-29,/marktplatz%3Ftab=0?tab=0&ptgId=45&certificationType=ATTRIBUTE_CERT&certifiId=9&certifiId=13&certifiId=12,1,1,1,1
479,France,2023-03-29,/marktplatz%3Ftab=0?tab=0&ptgId=45&attr=29,1,1,1,1
1295,United States,2023-03-29,/,0,1,1,0
512,Germany,2023-03-29,/marktplatz%3Ftab=0?tab=0&ptgId=45,1,1,1,1
513,Germany,2023-03-29,/marktplatz%3Ftab=0?tab=0&search=AVA,1,1,1,45
514,Germany,2023-03-29,/marktplatz%3Ftab=0?tab=0&search=AVA&ptgId=45,1,1,1,4
515,Germany,2023-03-29,/marktplatz?tab=0&attr=120,1,1,1,2
516,Germany,2023-03-29,/marktplatz?tab=0&productId=130,1,1,1,41
517,Germany,2023-03-29,/marktplatz?tab=0&ptgId=33,1,1,1,4
518,Germany,2023-03-29,/marktplatz?tab=0&search=Mengenermittlung,1,1,1,14
481,France,2023-03-29,/marktplatz%3Ftab=0?tab=0&ptgId=45&attr=31&attr=123,1,1,1,1
480,France,2023-03-29,/marktplatz%3Ftab=0?tab=0&ptgId=45&attr=30,1,1,1,1
1294,Switzerland,2023-03-29,/marktplatz?tab=0&attr=109,0,1,1,0
1081,Luxembourg,2023-03-29,/marktplatz%3Ftab=0&appSubPro=205&productId=205?tab=0&attr=79&attr=18,1,1,1,45
1152,Germany,2023-03-29,/,0,6,6,0
181,France,2023-03-29,/marktplatz%3Ftab=0?tab=0,2,1,1,46
1079,Luxembourg,2023-03-29,/marktplatz%3Ftab=0&appSubPro=205&productId=205?tab=0&appSubPro=205&productId=205,1,1,1,11
1078,Luxembourg,2023-03-29,/marktplatz%3Ftab=0&appSubPro=205&productId=205?tab=0,1,1,1,16
189,Germany,2023-03-29,/marktplatz%3Ftab=0&search=bascloud?tab=0&search=bascloud,2,1,1,7
112,France,2023-03-29,/marktplatz%3Ftab=0?tab=0&ptgId=45&certificationType=ATTRIBUTE_CERT,3,1,1,28
185,France,2023-03-29,/marktplatz%3Ftab=0?tab=0&ptgId=45&certificationType=ATTRIBUTE_CERT&certifiId=9,2,1,1,7
66,Germany,2023-03-29,/marktplatz%3Ftab=0?tab=0,6,2,2,14
186,France,2023-03-29,/marktplatz%3Ftab=0?tab=0&ptgId=45&certificationType=ATTRIBUTE_CERT&certifiId=9&certifiId=13,2,1,1,8
1142,France,2023-03-29,/marktplatz?tab=0,0,1,1,0
184,France,2023-03-29,/marktplatz%3Ftab=0?tab=0&ptgId=45&attr=31,2,1,1,6
183,France,2023-03-29,/marktplatz%3Ftab=0?tab=0&ptgId=45&attr=124,2,1,1,3
182,France,2023-03-29,/marktplatz%3Ftab=0?tab=0&ptgId=45&attr=123,2,1,1,6
1080,Luxembourg,2023-03-29,/marktplatz%3Ftab=0&appSubPro=205&productId=205?tab=0&attr=79,1,1,1,16
487,Germany,2023-03-28,/marktplatz%3Ftab=0&appSubPro=309&productId=309?tab=0&appSubPro=309&productId=309,1,2,1,5
488,Germany,2023-03-28,/marktplatz%3Ftab=0&category=CONTENT&ptgId=61&appSubPro=314&productId=314?tab=0&category=CONTENT&ptgId=61&appSubPro=314&productId=314,1,1,1,9
310,Austria,2023-03-28,/marktplatz%3Ftab=0?tab=0&productId=124,1,1,1,5
187,Germany,2023-03-28,/marktplatz%3Ftab=0&orgId=37?tab=0&search=VREX,2,1,1,15
188,Germany,2023-03-28,/marktplatz%3Ftab=0&productId=277?tab=0&productId=277,2,1,1,59
306,Norway,2023-03-28,/marktplatz%3Ftab=0&search=VREX&productId=309?tab=0&appSubPro=309&productId=309,2,2,1,245
307,Norway,2023-03-28,/marktplatz%3Ftab=0&search=VREX&productId=309?tab=0&search=VREX&productId=309,2,2,1,1
308,Austria,2023-03-28,/marktplatz,1,1,1,1
309,Austria,2023-03-28,/marktplatz%3Ftab=0?tab=0&productId=106,1,1,1,6
489,Germany,2023-03-28,/marktplatz%3Ftab=0&orgId=37?tab=0,1,1,1,21
1287,Norway,2023-03-28,/marktplatz?tab=0&search=VREX&productId=309,0,2,1,0
1286,Norway,2023-03-28,/login,0,1,1,6
491,Germany,2023-03-28,/marktplatz%3Ftab=0&orgId=37?tab=0&category=CONTENT&ptgId=61,1,1,1,1
328,Austria,2023-03-28,/marktplatz%3Ftab=0?tab=0&productId=79,1,1,1,3
477,France,2023-03-28,/marktplatz%3Ftab=0&appSubPro=309&productId=309?tab=0&appSubPro=309&productId=309,1,1,1,158
327,Austria,2023-03-28,/marktplatz%3Ftab=0?tab=0&productId=68,1,1,1,1
326,Austria,2023-03-28,/marktplatz%3Ftab=0?tab=0&productId=66,1,1,1,2
325,Austria,2023-03-28,/marktplatz%3Ftab=0?tab=0&productId=64,1,1,1,4
324,Austria,2023-03-28,/marktplatz%3Ftab=0?tab=0&productId=311,1,1,1,20
323,Austria,2023-03-28,/marktplatz%3Ftab=0?tab=0&productId=30,1,1,1,2
322,Austria,2023-03-28,/marktplatz%3Ftab=0?tab=0&productId=3,1,1,1,1
321,Austria,2023-03-28,/marktplatz%3Ftab=0?tab=0&productId=278,1,1,1,3
319,Austria,2023-03-28,/marktplatz%3Ftab=0?tab=0&productId=233,1,1,1,9
318,Austria,2023-03-28,/marktplatz%3Ftab=0?tab=0&productId=230,1,1,1,23
317,Austria,2023-03-28,/marktplatz%3Ftab=0?tab=0&productId=204,1,1,1,31
316,Austria,2023-03-28,/marktplatz%3Ftab=0?tab=0&productId=203,1,1,1,11
315,Austria,2023-03-28,/marktplatz%3Ftab=0?tab=0&productId=191,1,1,1,6
314,Austria,2023-03-28,/marktplatz%3Ftab=0?tab=0&productId=170,1,1,1,2
313,Austria,2023-03-28,/marktplatz%3Ftab=0?tab=0&productId=161,1,1,1,1
312,Austria,2023-03-28,/marktplatz%3Ftab=0?tab=0&productId=154,1,1,1,3
1289,Russia,2023-03-28,/,0,1,1,0
311,Austria,2023-03-28,/marktplatz%3Ftab=0?tab=0&productId=137,1,1,1,15
490,Germany,2023-03-28,/marktplatz%3Ftab=0&orgId=37?tab=0&category=CONTENT,1,1,1,70
27,Germany,2023-03-28,/marktplatz,14,7,5,121
492,Germany,2023-03-28,/marktplatz%3Ftab=0&orgId=37?tab=0&category=CONTENT&ptgId=61&productId=314,1,1,1,6
1089,Norway,2023-03-28,/marktplatz?tab=0&appSubPro=309&productId=309,1,3,3,1
1084,Norway,2023-03-28,/marktplatz%3Ftab=0&appSubPro=309&productId=309?tab=0,1,1,1,36
1085,Norway,2023-03-28,/marktplatz%3Ftab=0&search=VREX&productId=309,1,1,1,60
506,Germany,2023-03-28,/marktplatz?tab=1,1,1,1,67
507,Germany,2023-03-28,/marktplatz?tab=2,1,1,1,18
1086,Norway,2023-03-28,/marktplatz%3Ftab=0?tab=0&rating=5&productId=203,1,1,1,7
1087,Norway,2023-03-28,/marktplatz%3Ftab=0?tab=0&rating=5&productId=3,1,1,1,21
1088,Norway,2023-03-28,/marktplatz%3Ftab=0?tab=0&rating=5&productId=91,1,1,1,2
1105,Austria,2023-03-28,/,0,1,1,0
505,Germany,2023-03-28,/marktplatz?tab=0&productId=237,1,1,1,84
65,Germany,2023-03-28,/marktplatz%3Ftab=0?tab=0,6,3,3,61
1141,France,2023-03-28,/marktplatz?tab=0&appSubPro=309&productId=309,0,1,1,0
1146,Germany,2023-03-28,/,0,5,4,0
1147,Germany,2023-03-28,/marktplatz?tab=0&appSubPro=309&productId=309,0,2,1,0
1148,Germany,2023-03-28,/marktplatz?tab=0&category=CONTENT&ptgId=61&productId=314,0,2,2,14
1149,Germany,2023-03-28,/marktplatz?tab=0&orgId=37,0,1,1,0
1150,Germany,2023-03-28,/marktplatz?tab=0&search=VREX&productId=309,0,1,1,0
55,Germany,2023-03-28,/marktplatz?tab=0,8,9,7,155
1083,Norway,2023-03-28,/marktplatz%3Ftab=0&appSubPro=309&productId=309,1,1,1,1
493,Germany,2023-03-28,/marktplatz%3Ftab=0&orgId=37?tab=0&orgId=37,1,1,1,2
152,Norway,2023-03-28,/marktplatz%3Ftab=0?tab=0,3,1,1,57
494,Germany,2023-03-28,/marktplatz%3Ftab=0&orgId=37?tab=0&search=VREX&productId=309,1,1,1,2
1151,Germany,2023-03-28,/organisations/256/products/309/edit,0,1,1,0
495,Germany,2023-03-28,/marktplatz%3Ftab=0&productId=277?tab=0,1,1,1,7
496,Germany,2023-03-28,/marktplatz%3Ftab=0&search=VREX&productId=309?tab=0,1,1,1,42
153,Norway,2023-03-28,/marktplatz%3Ftab=0?tab=0&rating=5,3,1,1,3
497,Germany,2023-03-28,/marktplatz%3Ftab=0&search=VREX&productId=309?tab=0&appSubPro=309&productId=309,1,1,1,3
498,Germany,2023-03-28,/marktplatz%3Ftab=0&search=VREX&productId=309?tab=0&search=VREX&productId=309,1,1,1,1
113,Germany,2023-03-28,/marktplatz?tab=0&attr=88,3,1,1,94
504,Germany,2023-03-28,/marktplatz?tab=0&category=CONTENT&ptgId=61&appSubPro=314&productId=314,1,1,1,5
499,Germany,2023-03-28,/marktplatz%3Ftab=0?tab=0&productId=203,1,1,1,12
500,Germany,2023-03-28,/marktplatz%3Ftab=0?tab=1,1,1,1,3
501,Germany,2023-03-28,/marktplatz%3Ftab=0?tab=2,1,1,1,11
105,Austria,2023-03-28,/marktplatz%3Ftab=0?tab=0,3,1,1,55
102,Norway,2023-03-28,/marktplatz%3Ftab=0&appSubPro=309&productId=309?tab=0&appSubPro=309&productId=309,4,2,2,119
502,Germany,2023-03-28,/marktplatz?tab=0&attr=88&productId=73,1,1,1,5
503,Germany,2023-03-28,/marktplatz?tab=0&category=CONTENT,1,2,1,4
320,Austria,2023-03-28,/marktplatz%3Ftab=0?tab=0&productId=237,1,1,1,22
