,Source,Referal,Medium,Date,Sessions
1058,bimswarm.de,referral,desktop,2023-10-31,1
627,(direct),(none),desktop,2023-10-31,2
820,planen-bauen40.de,referral,desktop,2023-10-31,2
1131,bing,organic,desktop,2023-10-31,1
325,(not set),(not set),desktop,2023-10-31,5
0,(direct),(none),desktop,2023-10-30,34
190,bimswarm.de,referral,desktop,2023-10-30,8
1258,google,organic,desktop,2023-10-30,1
752,bing,organic,desktop,2023-10-30,2
504,(direct),(none),desktop,2023-10-29,3
872,(direct),(none),desktop,2023-10-28,1
1057,bimswarm.de,referral,desktop,2023-10-28,1
38,(direct),(none),desktop,2023-10-27,15
1166,digital-bau.com,referral,desktop,2023-10-27,1
1056,bimswarm.de,referral,desktop,2023-10-27,1
751,bing,organic,desktop,2023-10-27,2
1353,statics.teams.cdn.office.net,referral,desktop,2023-10-27,1
1130,bing,organic,desktop,2023-10-26,1
825,statics.teams.cdn.office.net,referral,desktop,2023-10-26,2
444,bimswarm.de,referral,desktop,2023-10-26,4
29,(direct),(none),desktop,2023-10-26,16
551,bimswarm.de,referral,desktop,2023-10-25,3
750,bing,organic,desktop,2023-10-25,2
43,(direct),(none),desktop,2023-10-25,14
979,(not set),(not set),desktop,2023-10-25,1
655,(direct),(none),mobile,2023-10-24,2
37,(direct),(none),desktop,2023-10-24,15
448,bing,organic,desktop,2023-10-24,4
4,(direct),(none),desktop,2023-10-23,20
574,google,organic,desktop,2023-10-23,3
978,(not set),(not set),desktop,2023-10-23,1
358,bimswarm.de,referral,desktop,2023-10-23,5
292,bing,organic,desktop,2023-10-23,6
320,(direct),(none),desktop,2023-10-22,5
662,(not set),(not set),desktop,2023-10-22,2
319,(direct),(none),desktop,2023-10-21,5
1055,bimswarm.de,referral,desktop,2023-10-20,1
749,bing,organic,desktop,2023-10-20,2
265,(direct),(none),desktop,2023-10-20,6
791,google,organic,desktop,2023-10-20,2
357,bimswarm.de,referral,desktop,2023-10-19,5
318,(direct),(none),desktop,2023-10-19,5
1129,bing,organic,desktop,2023-10-19,1
1352,statics.teams.cdn.office.net,referral,desktop,2023-10-18,1
174,(direct),(none),desktop,2023-10-18,8
748,bing,organic,desktop,2023-10-18,2
189,bimswarm.de,referral,desktop,2023-10-18,8
747,bing,organic,desktop,2023-10-17,2
824,statics.teams.cdn.office.net,referral,desktop,2023-10-17,2
22,(direct),(none),desktop,2023-10-17,17
550,bimswarm.de,referral,desktop,2023-10-17,3
1257,google,organic,desktop,2023-10-16,1
1351,statics.teams.cdn.office.net,referral,desktop,2023-10-16,1
1128,bing,organic,desktop,2023-10-16,1
443,bimswarm.de,referral,desktop,2023-10-16,4
401,(direct),(none),desktop,2023-10-16,4
940,(direct),(none),mobile,2023-10-15,1
871,(direct),(none),desktop,2023-10-14,1
1256,google,organic,desktop,2023-10-14,1
823,statics.teams.cdn.office.net,referral,desktop,2023-10-13,2
442,bimswarm.de,referral,desktop,2023-10-13,4
573,google,organic,desktop,2023-10-13,3
216,(direct),(none),desktop,2023-10-13,7
1101,bimswarm.de,referral,mobile,2023-10-13,1
1165,digital-bau.com,referral,desktop,2023-10-13,1
143,(direct),(none),desktop,2023-10-12,9
572,google,organic,desktop,2023-10-12,3
1100,bimswarm.de,referral,mobile,2023-10-12,1
441,bimswarm.de,referral,desktop,2023-10-12,4
191,statics.teams.cdn.office.net,referral,desktop,2023-10-12,8
155,bimswarm.de,referral,desktop,2023-10-11,9
977,(not set),(not set),desktop,2023-10-11,1
1255,google,organic,desktop,2023-10-11,1
42,(direct),(none),desktop,2023-10-11,14
1113,bimtagedeutschland.de,referral,mobile,2023-10-11,1
1099,bimswarm.de,referral,mobile,2023-10-11,1
654,(direct),(none),mobile,2023-10-10,2
28,(direct),(none),desktop,2023-10-10,16
556,bing,organic,desktop,2023-10-10,3
1254,google,organic,desktop,2023-10-10,1
236,bimswarm.de,referral,desktop,2023-10-10,7
1054,bimswarm.de,referral,desktop,2023-10-09,1
142,(direct),(none),desktop,2023-10-09,9
790,google,organic,desktop,2023-10-09,2
1053,bimswarm.de,referral,desktop,2023-10-08,1
870,(direct),(none),desktop,2023-10-07,1
939,(direct),(none),mobile,2023-10-07,1
746,bing,organic,desktop,2023-10-06,2
264,(direct),(none),desktop,2023-10-06,6
1253,google,organic,desktop,2023-10-06,1
1052,bimswarm.de,referral,desktop,2023-10-06,1
653,(direct),(none),mobile,2023-10-06,2
555,bing,organic,desktop,2023-10-05,3
652,(direct),(none),mobile,2023-10-05,2
440,bimswarm.de,referral,desktop,2023-10-05,4
1301,linkedin.com,referral,desktop,2023-10-05,1
27,(direct),(none),desktop,2023-10-05,16
745,bing,organic,desktop,2023-10-04,2
317,(direct),(none),desktop,2023-10-04,5
1342,planen-bauen40.de,referral,desktop,2023-10-03,1
626,(direct),(none),desktop,2023-10-03,2
976,(not set),(not set),desktop,2023-10-02,1
744,bing,organic,desktop,2023-10-02,2
571,google,organic,desktop,2023-10-02,3
141,(direct),(none),desktop,2023-10-02,9
503,(direct),(none),desktop,2023-10-01,3
625,(direct),(none),desktop,2023-09-30,2
718,bimswarm.de,referral,desktop,2023-09-29,2
1252,google,organic,desktop,2023-09-29,1
938,(direct),(none),mobile,2023-09-29,1
822,statics.teams.cdn.office.net,referral,desktop,2023-09-29,2
63,(direct),(none),desktop,2023-09-29,12
743,bing,organic,desktop,2023-09-28,2
1051,bimswarm.de,referral,desktop,2023-09-28,1
1098,bimswarm.de,referral,mobile,2023-09-28,1
570,google,organic,desktop,2023-09-28,3
102,(direct),(none),desktop,2023-09-28,10
14,(direct),(none),desktop,2023-09-27,18
188,bimswarm.de,referral,desktop,2023-09-27,8
789,google,organic,desktop,2023-09-27,2
937,(direct),(none),mobile,2023-09-27,1
101,(direct),(none),desktop,2023-09-26,10
788,google,organic,desktop,2023-09-26,2
356,bimswarm.de,referral,desktop,2023-09-26,5
120,bimswarm.de,referral,desktop,2023-09-25,10
569,google,organic,desktop,2023-09-25,3
732,bimswarm.de,referral,mobile,2023-09-25,2
79,(direct),(none),desktop,2023-09-25,11
1050,bimswarm.de,referral,desktop,2023-09-24,1
446,bimswarm.de,referral,mobile,2023-09-24,4
624,(direct),(none),desktop,2023-09-24,2
1049,bimswarm.de,referral,desktop,2023-09-23,1
623,(direct),(none),desktop,2023-09-23,2
717,bimswarm.de,referral,desktop,2023-09-22,2
140,(direct),(none),desktop,2023-09-22,9
651,(direct),(none),mobile,2023-09-22,2
508,(direct),(none),mobile,2023-09-21,3
100,(direct),(none),desktop,2023-09-21,10
509,(direct),(none),tablet,2023-09-21,3
1341,planen-bauen40.de,referral,desktop,2023-09-21,1
235,bimswarm.de,referral,desktop,2023-09-21,7
1097,bimswarm.de,referral,mobile,2023-09-21,1
290,bimswarm.de,referral,desktop,2023-09-20,6
36,(direct),(none),desktop,2023-09-20,15
549,bimswarm.de,referral,desktop,2023-09-19,3
502,(direct),(none),desktop,2023-09-19,3
234,bimswarm.de,referral,desktop,2023-09-18,7
173,(direct),(none),desktop,2023-09-18,8
787,google,organic,desktop,2023-09-18,2
1350,statics.teams.cdn.office.net,referral,desktop,2023-09-18,1
869,(direct),(none),desktop,2023-09-17,1
1048,bimswarm.de,referral,desktop,2023-09-17,1
936,(direct),(none),mobile,2023-09-16,1
439,bimswarm.de,referral,desktop,2023-09-15,4
1251,google,organic,desktop,2023-09-15,1
501,(direct),(none),desktop,2023-09-15,3
548,bimswarm.de,referral,desktop,2023-09-14,3
1279,ingenieurbau-online.de,referral,desktop,2023-09-14,1
99,(direct),(none),desktop,2023-09-14,10
786,google,organic,desktop,2023-09-13,2
1096,bimswarm.de,referral,mobile,2023-09-13,1
233,bimswarm.de,referral,desktop,2023-09-13,7
1278,ingenieurbau-online.de,referral,desktop,2023-09-13,1
215,(direct),(none),desktop,2023-09-13,7
214,(direct),(none),desktop,2023-09-12,7
289,bimswarm.de,referral,desktop,2023-09-12,6
1250,google,organic,desktop,2023-09-12,1
1277,ingenieurbau-online.de,referral,desktop,2023-09-11,1
935,(direct),(none),mobile,2023-09-11,1
568,google,organic,desktop,2023-09-11,3
119,bimswarm.de,referral,desktop,2023-09-11,10
213,(direct),(none),desktop,2023-09-11,7
934,(direct),(none),mobile,2023-09-10,1
1047,bimswarm.de,referral,desktop,2023-09-10,1
868,(direct),(none),desktop,2023-09-09,1
400,(direct),(none),desktop,2023-09-08,4
716,bimswarm.de,referral,desktop,2023-09-08,2
802,linkedin.com,referral,desktop,2023-09-08,2
172,(direct),(none),desktop,2023-09-07,8
793,ingenieurbau-online.de,referral,desktop,2023-09-07,2
288,bimswarm.de,referral,desktop,2023-09-07,6
212,(direct),(none),desktop,2023-09-06,7
287,bimswarm.de,referral,desktop,2023-09-06,6
1164,digital-bau.com,referral,desktop,2023-09-06,1
1276,ingenieurbau-online.de,referral,desktop,2023-09-06,1
118,bimswarm.de,referral,desktop,2023-09-05,10
1249,google,organic,desktop,2023-09-05,1
731,bimswarm.de,referral,mobile,2023-09-05,2
21,(direct),(none),desktop,2023-09-05,17
62,(direct),(none),desktop,2023-09-04,12
187,bimswarm.de,referral,desktop,2023-09-04,8
1194,facebook.com,referral,desktop,2023-09-03,1
399,(direct),(none),desktop,2023-09-03,4
715,bimswarm.de,referral,desktop,2023-09-03,2
658,(direct),(none),tablet,2023-09-03,2
1248,google,organic,desktop,2023-09-01,1
547,bimswarm.de,referral,desktop,2023-09-01,3
139,(direct),(none),desktop,2023-09-01,9
792,google,organic,mobile,2023-09-01,2
867,(direct),(none),desktop,2023-08-31,1
452,google,organic,mobile,2023-08-31,4
933,(direct),(none),mobile,2023-08-31,1
546,bimswarm.de,referral,desktop,2023-08-31,3
1095,bimswarm.de,referral,mobile,2023-08-30,1
545,bimswarm.de,referral,desktop,2023-08-30,3
1163,digital-bau.com,referral,desktop,2023-08-30,1
932,(direct),(none),mobile,2023-08-30,1
316,(direct),(none),desktop,2023-08-30,5
575,google,organic,mobile,2023-08-30,3
355,bimswarm.de,referral,desktop,2023-08-29,5
35,(direct),(none),desktop,2023-08-29,15
1349,statics.teams.cdn.office.net,referral,desktop,2023-08-29,1
1094,bimswarm.de,referral,mobile,2023-08-28,1
1247,google,organic,desktop,2023-08-28,1
34,(direct),(none),desktop,2023-08-28,15
354,bimswarm.de,referral,desktop,2023-08-28,5
714,bimswarm.de,referral,desktop,2023-08-27,2
866,(direct),(none),desktop,2023-08-27,1
950,(direct),(none),tablet,2023-08-26,1
1046,bimswarm.de,referral,desktop,2023-08-26,1
500,(direct),(none),desktop,2023-08-26,3
1093,bimswarm.de,referral,mobile,2023-08-26,1
1193,facebook.com,referral,desktop,2023-08-25,1
26,(direct),(none),desktop,2023-08-25,16
154,bimswarm.de,referral,desktop,2023-08-25,9
650,(direct),(none),mobile,2023-08-25,2
1348,statics.teams.cdn.office.net,referral,desktop,2023-08-25,1
61,(direct),(none),desktop,2023-08-24,12
949,(direct),(none),tablet,2023-08-24,1
117,bimswarm.de,referral,desktop,2023-08-24,10
649,(direct),(none),mobile,2023-08-24,2
438,bimswarm.de,referral,desktop,2023-08-23,4
405,(direct),(none),mobile,2023-08-23,4
211,(direct),(none),desktop,2023-08-23,7
567,google,organic,desktop,2023-08-22,3
437,bimswarm.de,referral,desktop,2023-08-22,4
975,(not set),(not set),desktop,2023-08-22,1
13,(direct),(none),desktop,2023-08-22,18
404,(direct),(none),mobile,2023-08-22,4
263,(direct),(none),desktop,2023-08-21,6
1340,planen-bauen40.de,referral,desktop,2023-08-21,1
948,(direct),(none),tablet,2023-08-21,1
648,(direct),(none),mobile,2023-08-21,2
544,bimswarm.de,referral,desktop,2023-08-21,3
865,(direct),(none),desktop,2023-08-20,1
1192,facebook.com,referral,desktop,2023-08-20,1
398,(direct),(none),desktop,2023-08-19,4
947,(direct),(none),tablet,2023-08-19,1
436,bimswarm.de,referral,desktop,2023-08-18,4
397,(direct),(none),desktop,2023-08-18,4
1191,facebook.com,referral,desktop,2023-08-18,1
1300,linkedin.com,referral,desktop,2023-08-18,1
647,(direct),(none),mobile,2023-08-18,2
730,bimswarm.de,referral,mobile,2023-08-18,2
210,(direct),(none),desktop,2023-08-17,7
1045,bimswarm.de,referral,desktop,2023-08-17,1
646,(direct),(none),mobile,2023-08-17,2
98,(direct),(none),desktop,2023-08-16,10
946,(direct),(none),tablet,2023-08-16,1
713,bimswarm.de,referral,desktop,2023-08-16,2
645,(direct),(none),mobile,2023-08-16,2
171,(direct),(none),desktop,2023-08-15,8
644,(direct),(none),mobile,2023-08-15,2
435,bimswarm.de,referral,desktop,2023-08-15,4
661,(not set),(not set),desktop,2023-08-15,2
1162,digital-bau.com,referral,desktop,2023-08-14,1
931,(direct),(none),mobile,2023-08-14,1
232,bimswarm.de,referral,desktop,2023-08-14,7
396,(direct),(none),desktop,2023-08-14,4
1190,facebook.com,referral,desktop,2023-08-14,1
930,(direct),(none),mobile,2023-08-13,1
622,(direct),(none),desktop,2023-08-12,2
643,(direct),(none),mobile,2023-08-12,2
945,(direct),(none),tablet,2023-08-12,1
986,5lcue.r.bh.d.sendibt3.com,referral,desktop,2023-08-11,1
929,(direct),(none),mobile,2023-08-11,1
621,(direct),(none),desktop,2023-08-11,2
766,facebook.com,referral,desktop,2023-08-11,2
712,bimswarm.de,referral,desktop,2023-08-11,2
144,5lcue.r.a.d.sendibm1.com,referral,desktop,2023-08-11,9
262,(direct),(none),desktop,2023-08-10,6
353,bimswarm.de,referral,desktop,2023-08-10,5
985,5lcue.r.bh.d.sendibt3.com,referral,desktop,2023-08-10,1
1246,google,organic,desktop,2023-08-09,1
499,(direct),(none),desktop,2023-08-09,3
543,bimswarm.de,referral,desktop,2023-08-09,3
642,(direct),(none),mobile,2023-08-09,2
1161,digital-bau.com,referral,desktop,2023-08-08,1
1357,webaccess.abb-rlp.de,referral,desktop,2023-08-08,1
186,bimswarm.de,referral,desktop,2023-08-08,8
20,(direct),(none),desktop,2023-08-08,17
352,bimswarm.de,referral,desktop,2023-08-07,5
315,(direct),(none),desktop,2023-08-07,5
1306,mail.google.com,referral,tablet,2023-08-07,1
928,(direct),(none),mobile,2023-08-06,1
1044,bimswarm.de,referral,desktop,2023-08-06,1
711,bimswarm.de,referral,desktop,2023-08-05,2
1160,digital-bau.com,referral,desktop,2023-08-04,1
97,(direct),(none),desktop,2023-08-04,10
1127,bing,organic,desktop,2023-08-04,1
927,(direct),(none),mobile,2023-08-03,1
710,bimswarm.de,referral,desktop,2023-08-03,2
1126,bing,organic,desktop,2023-08-03,1
3,(direct),(none),desktop,2023-08-03,20
1189,facebook.com,referral,desktop,2023-08-02,1
641,(direct),(none),mobile,2023-08-02,2
314,(direct),(none),desktop,2023-08-02,5
153,bimswarm.de,referral,desktop,2023-08-02,9
1299,linkedin.com,referral,desktop,2023-08-02,1
1188,facebook.com,referral,desktop,2023-08-01,1
1125,bing,organic,desktop,2023-08-01,1
1245,google,organic,desktop,2023-08-01,1
313,(direct),(none),desktop,2023-08-01,5
507,(direct),(none),mobile,2023-08-01,3
231,bimswarm.de,referral,desktop,2023-08-01,7
974,(not set),(not set),desktop,2023-08-01,1
944,(direct),(none),tablet,2023-07-31,1
1244,google,organic,desktop,2023-07-31,1
640,(direct),(none),mobile,2023-07-31,2
138,(direct),(none),desktop,2023-07-31,9
434,bimswarm.de,referral,desktop,2023-07-31,4
765,facebook.com,referral,desktop,2023-07-30,2
864,(direct),(none),desktop,2023-07-30,1
709,bimswarm.de,referral,desktop,2023-07-30,2
639,(direct),(none),mobile,2023-07-30,2
1124,bing,organic,desktop,2023-07-29,1
863,(direct),(none),desktop,2023-07-29,1
638,(direct),(none),mobile,2023-07-29,2
1123,bing,organic,desktop,2023-07-28,1
637,(direct),(none),mobile,2023-07-28,2
973,(not set),(not set),desktop,2023-07-28,1
542,bimswarm.de,referral,desktop,2023-07-28,3
78,(direct),(none),desktop,2023-07-28,11
312,(direct),(none),desktop,2023-07-27,5
541,bimswarm.de,referral,desktop,2023-07-27,3
636,(direct),(none),mobile,2023-07-27,2
1122,bing,organic,desktop,2023-07-27,1
96,(direct),(none),desktop,2023-07-26,10
1043,bimswarm.de,referral,desktop,2023-07-26,1
351,bimswarm.de,referral,desktop,2023-07-25,5
261,(direct),(none),desktop,2023-07-25,6
540,bimswarm.de,referral,desktop,2023-07-24,3
395,(direct),(none),desktop,2023-07-24,4
1121,bing,organic,desktop,2023-07-24,1
1298,linkedin.com,referral,desktop,2023-07-24,1
1042,bimswarm.de,referral,desktop,2023-07-23,1
1107,bimswarm.de,referral,tablet,2023-07-23,1
620,(direct),(none),desktop,2023-07-23,2
1092,bimswarm.de,referral,mobile,2023-07-22,1
926,(direct),(none),mobile,2023-07-22,1
708,bimswarm.de,referral,desktop,2023-07-21,2
1120,bing,organic,desktop,2023-07-21,1
394,(direct),(none),desktop,2023-07-21,4
230,bimswarm.de,referral,desktop,2023-07-20,7
742,bing,organic,desktop,2023-07-20,2
53,(direct),(none),desktop,2023-07-20,13
619,(direct),(none),desktop,2023-07-19,2
185,bimswarm.de,referral,desktop,2023-07-19,8
498,(direct),(none),desktop,2023-07-18,3
539,bimswarm.de,referral,desktop,2023-07-17,3
260,(direct),(none),desktop,2023-07-17,6
741,bing,organic,desktop,2023-07-17,2
1041,bimswarm.de,referral,desktop,2023-07-16,1
618,(direct),(none),desktop,2023-07-16,2
925,(direct),(none),mobile,2023-07-15,1
1243,google,organic,desktop,2023-07-15,1
1040,bimswarm.de,referral,desktop,2023-07-15,1
729,bimswarm.de,referral,mobile,2023-07-15,2
924,(direct),(none),mobile,2023-07-14,1
497,(direct),(none),desktop,2023-07-14,3
1339,planen-bauen40.de,referral,desktop,2023-07-13,1
1159,digital-bau.com,referral,desktop,2023-07-13,1
496,(direct),(none),desktop,2023-07-13,3
1091,bimswarm.de,referral,mobile,2023-07-13,1
707,bimswarm.de,referral,desktop,2023-07-13,2
1196,fs52-live.nmm.de,referral,desktop,2023-07-12,1
1187,facebook.com,referral,desktop,2023-07-12,1
350,bimswarm.de,referral,desktop,2023-07-12,5
393,(direct),(none),desktop,2023-07-12,4
1242,google,organic,desktop,2023-07-12,1
923,(direct),(none),mobile,2023-07-11,1
259,(direct),(none),desktop,2023-07-11,6
538,bimswarm.de,referral,desktop,2023-07-11,3
1090,bimswarm.de,referral,mobile,2023-07-11,1
1305,mail.google.com,referral,tablet,2023-07-11,1
1338,planen-bauen40.de,referral,desktop,2023-07-11,1
1119,bing,organic,desktop,2023-07-11,1
1186,facebook.com,referral,desktop,2023-07-11,1
137,(direct),(none),desktop,2023-07-10,9
184,bimswarm.de,referral,desktop,2023-07-10,8
1241,google,organic,desktop,2023-07-10,1
972,(not set),(not set),desktop,2023-07-10,1
1089,bimswarm.de,referral,mobile,2023-07-09,1
1304,linkedin.com,referral,mobile,2023-07-08,1
819,planen-bauen40.de,referral,desktop,2023-07-07,2
706,bimswarm.de,referral,desktop,2023-07-07,2
1088,bimswarm.de,referral,mobile,2023-07-07,1
495,(direct),(none),desktop,2023-07-07,3
922,(direct),(none),mobile,2023-07-06,1
209,(direct),(none),desktop,2023-07-06,7
1118,bing,organic,desktop,2023-07-06,1
116,bimswarm.de,referral,desktop,2023-07-06,10
1270,google,organic,mobile,2023-07-06,1
803,linkedin.com,referral,mobile,2023-07-06,2
1269,google,organic,mobile,2023-07-05,1
360,bimswarm.de,referral,mobile,2023-07-05,5
1106,bimswarm.de,referral,tablet,2023-07-05,1
208,(direct),(none),desktop,2023-07-05,7
85,bimswarm.de,referral,desktop,2023-07-05,11
566,google,organic,desktop,2023-07-05,3
324,(direct),(none),mobile,2023-07-05,5
392,(direct),(none),desktop,2023-07-04,4
1087,bimswarm.de,referral,mobile,2023-07-04,1
433,bimswarm.de,referral,desktop,2023-07-04,4
537,bimswarm.de,referral,desktop,2023-07-03,3
971,(not set),(not set),desktop,2023-07-03,1
391,(direct),(none),desktop,2023-07-03,4
991,apluss.atlassian.net,referral,desktop,2023-07-03,1
1117,bing,organic,desktop,2023-07-03,1
1158,digital-bau.com,referral,desktop,2023-07-03,1
1157,digital-bau.com,referral,desktop,2023-07-02,1
1268,google,organic,mobile,2023-06-30,1
1337,planen-bauen40.de,referral,desktop,2023-06-30,1
494,(direct),(none),desktop,2023-06-30,3
565,google,organic,desktop,2023-06-30,3
1039,bimswarm.de,referral,desktop,2023-06-30,1
1347,statics.teams.cdn.office.net,referral,desktop,2023-06-29,1
705,bimswarm.de,referral,desktop,2023-06-29,2
617,(direct),(none),desktop,2023-06-29,2
1240,google,organic,desktop,2023-06-29,1
349,bimswarm.de,referral,desktop,2023-06-28,5
390,(direct),(none),desktop,2023-06-28,4
764,facebook.com,referral,desktop,2023-06-27,2
584,statics.teams.cdn.office.net,referral,desktop,2023-06-27,3
152,bimswarm.de,referral,desktop,2023-06-27,9
493,(direct),(none),desktop,2023-06-27,3
818,planen-bauen40.de,referral,desktop,2023-06-27,2
704,bimswarm.de,referral,desktop,2023-06-26,2
785,google,organic,desktop,2023-06-26,2
389,(direct),(none),desktop,2023-06-26,4
1336,planen-bauen40.de,referral,desktop,2023-06-26,1
1086,bimswarm.de,referral,mobile,2023-06-25,1
760,digital-bau.com,referral,desktop,2023-06-23,2
784,google,organic,desktop,2023-06-23,2
862,(direct),(none),desktop,2023-06-23,1
1116,bing,organic,desktop,2023-06-23,1
703,bimswarm.de,referral,desktop,2023-06-23,2
616,(direct),(none),desktop,2023-06-22,2
1038,bimswarm.de,referral,desktop,2023-06-22,1
554,bing,organic,desktop,2023-06-22,3
990,alt.bimswarm.de,referral,desktop,2023-06-22,1
1156,digital-bau.com,referral,desktop,2023-06-22,1
783,google,organic,desktop,2023-06-22,2
740,bing,organic,desktop,2023-06-21,2
1239,google,organic,desktop,2023-06-21,1
258,(direct),(none),desktop,2023-06-21,6
702,bimswarm.de,referral,desktop,2023-06-21,2
1085,bimswarm.de,referral,mobile,2023-06-20,1
363,bing,organic,desktop,2023-06-20,5
1303,linkedin.com,referral,mobile,2023-06-20,1
257,(direct),(none),desktop,2023-06-20,6
817,planen-bauen40.de,referral,desktop,2023-06-20,2
432,bimswarm.de,referral,desktop,2023-06-20,4
1238,google,organic,desktop,2023-06-20,1
970,(not set),(not set),desktop,2023-06-19,1
701,bimswarm.de,referral,desktop,2023-06-19,2
136,(direct),(none),desktop,2023-06-19,9
759,digital-bau.com,referral,desktop,2023-06-19,2
635,(direct),(none),mobile,2023-06-19,2
615,(direct),(none),desktop,2023-06-18,2
323,(direct),(none),mobile,2023-06-17,5
492,(direct),(none),desktop,2023-06-17,3
700,bimswarm.de,referral,desktop,2023-06-16,2
491,(direct),(none),desktop,2023-06-16,3
758,digital-bau.com,referral,desktop,2023-06-16,2
782,google,organic,desktop,2023-06-16,2
1237,google,organic,desktop,2023-06-15,1
757,digital-bau.com,referral,desktop,2023-06-15,2
490,(direct),(none),desktop,2023-06-15,3
1037,bimswarm.de,referral,desktop,2023-06-15,1
135,(direct),(none),desktop,2023-06-14,9
634,(direct),(none),mobile,2023-06-14,2
1084,bimswarm.de,referral,mobile,2023-06-14,1
699,bimswarm.de,referral,desktop,2023-06-14,2
1155,digital-bau.com,referral,desktop,2023-06-14,1
1,(direct),(none),desktop,2023-06-13,24
286,bimswarm.de,referral,desktop,2023-06-13,6
1083,bimswarm.de,referral,mobile,2023-06-13,1
403,(direct),(none),mobile,2023-06-13,4
781,google,organic,desktop,2023-06-13,2
84,bimswarm.de,referral,desktop,2023-06-12,11
134,(direct),(none),desktop,2023-06-12,9
1036,bimswarm.de,referral,desktop,2023-06-11,1
921,(direct),(none),mobile,2023-06-11,1
861,(direct),(none),desktop,2023-06-11,1
860,(direct),(none),desktop,2023-06-10,1
756,digital-bau.com,referral,desktop,2023-06-10,2
52,(direct),(none),desktop,2023-06-09,13
698,bimswarm.de,referral,desktop,2023-06-09,2
1154,digital-bau.com,referral,desktop,2023-06-08,1
489,(direct),(none),desktop,2023-06-08,3
739,bing,organic,desktop,2023-06-08,2
697,bimswarm.de,referral,desktop,2023-06-08,2
969,(not set),(not set),desktop,2023-06-08,1
1035,bimswarm.de,referral,desktop,2023-06-07,1
311,(direct),(none),desktop,2023-06-07,5
633,(direct),(none),mobile,2023-06-07,2
310,(direct),(none),desktop,2023-06-06,5
447,bing,organic,desktop,2023-06-06,4
285,bimswarm.de,referral,desktop,2023-06-06,6
1034,bimswarm.de,referral,desktop,2023-06-05,1
309,(direct),(none),desktop,2023-06-05,5
488,(direct),(none),desktop,2023-06-03,3
1185,facebook.com,referral,desktop,2023-06-03,1
1325,pa-static-ms.azureedge.net,referral,desktop,2023-06-02,1
696,bimswarm.de,referral,desktop,2023-06-02,2
614,(direct),(none),desktop,2023-06-02,2
613,(direct),(none),desktop,2023-06-01,2
695,bimswarm.de,referral,desktop,2023-06-01,2
553,bing,organic,desktop,2023-06-01,3
968,(not set),(not set),desktop,2023-06-01,1
431,bimswarm.de,referral,desktop,2023-05-31,4
728,bimswarm.de,referral,mobile,2023-05-31,2
487,(direct),(none),desktop,2023-05-31,3
308,(direct),(none),desktop,2023-05-30,5
738,bing,organic,desktop,2023-05-30,2
660,(not set),(not set),desktop,2023-05-30,2
284,bimswarm.de,referral,desktop,2023-05-30,6
859,(direct),(none),desktop,2023-05-28,1
920,(direct),(none),mobile,2023-05-28,1
612,(direct),(none),desktop,2023-05-27,2
95,(direct),(none),desktop,2023-05-26,10
1082,bimswarm.de,referral,mobile,2023-05-26,1
536,bimswarm.de,referral,desktop,2023-05-26,3
1236,google,organic,desktop,2023-05-25,1
1033,bimswarm.de,referral,desktop,2023-05-25,1
919,(direct),(none),mobile,2023-05-25,1
1184,facebook.com,referral,desktop,2023-05-25,1
1322,neu.bimswarm.de,referral,desktop,2023-05-25,1
133,(direct),(none),desktop,2023-05-25,9
1081,bimswarm.de,referral,mobile,2023-05-24,1
83,bimswarm.de,referral,desktop,2023-05-24,11
388,(direct),(none),desktop,2023-05-24,4
918,(direct),(none),mobile,2023-05-24,1
1324,pa-static-ms.azureedge.net,referral,desktop,2023-05-23,1
461,neu.bimswarm.de,referral,desktop,2023-05-23,4
1153,digital-bau.com,referral,desktop,2023-05-23,1
229,bimswarm.de,referral,desktop,2023-05-23,7
19,(direct),(none),desktop,2023-05-23,17
46,bimswarm.de,referral,desktop,2023-05-22,14
917,(direct),(none),mobile,2023-05-22,1
170,(direct),(none),desktop,2023-05-22,8
1267,google,organic,mobile,2023-05-22,1
1323,pa-static-ms.azureedge.net,referral,desktop,2023-05-22,1
1321,neu.bimswarm.de,referral,desktop,2023-05-22,1
780,google,organic,desktop,2023-05-22,2
694,bimswarm.de,referral,desktop,2023-05-21,2
387,(direct),(none),desktop,2023-05-21,4
916,(direct),(none),mobile,2023-05-21,1
386,(direct),(none),desktop,2023-05-20,4
915,(direct),(none),mobile,2023-05-20,1
1183,facebook.com,referral,desktop,2023-05-20,1
1032,bimswarm.de,referral,desktop,2023-05-20,1
1320,neu.bimswarm.de,referral,desktop,2023-05-19,1
943,(direct),(none),tablet,2023-05-19,1
385,(direct),(none),desktop,2023-05-19,4
942,(direct),(none),tablet,2023-05-18,1
1182,facebook.com,referral,desktop,2023-05-18,1
858,(direct),(none),desktop,2023-05-18,1
1335,planen-bauen40.de,referral,desktop,2023-05-17,1
809,neu.bimswarm.de,referral,desktop,2023-05-17,2
94,(direct),(none),desktop,2023-05-17,10
348,bimswarm.de,referral,desktop,2023-05-17,5
1235,google,organic,desktop,2023-05-17,1
914,(direct),(none),mobile,2023-05-16,1
1152,digital-bau.com,referral,desktop,2023-05-16,1
1080,bimswarm.de,referral,mobile,2023-05-16,1
115,bimswarm.de,referral,desktop,2023-05-16,10
60,(direct),(none),desktop,2023-05-16,12
535,bimswarm.de,referral,desktop,2023-05-15,3
307,(direct),(none),desktop,2023-05-15,5
1275,ingenieurbau-online.de,referral,desktop,2023-05-15,1
1319,neu.bimswarm.de,referral,desktop,2023-05-15,1
1181,facebook.com,referral,desktop,2023-05-14,1
857,(direct),(none),desktop,2023-05-13,1
913,(direct),(none),mobile,2023-05-13,1
1318,neu.bimswarm.de,referral,desktop,2023-05-12,1
1079,bimswarm.de,referral,mobile,2023-05-12,1
283,bimswarm.de,referral,desktop,2023-05-12,6
1151,digital-bau.com,referral,desktop,2023-05-12,1
306,(direct),(none),desktop,2023-05-12,5
583,neu.bimswarm.de,referral,desktop,2023-05-11,3
763,facebook.com,referral,desktop,2023-05-11,2
430,bimswarm.de,referral,desktop,2023-05-11,4
727,bimswarm.de,referral,mobile,2023-05-11,2
93,(direct),(none),desktop,2023-05-11,10
967,(not set),(not set),desktop,2023-05-11,1
1266,google,organic,mobile,2023-05-10,1
305,(direct),(none),desktop,2023-05-10,5
810,pa-static-ms.azureedge.net,referral,desktop,2023-05-10,2
1078,bimswarm.de,referral,mobile,2023-05-10,1
1317,neu.bimswarm.de,referral,desktop,2023-05-10,1
183,bimswarm.de,referral,desktop,2023-05-10,8
966,(not set),(not set),desktop,2023-05-10,1
826,voessing.mail.cloud-y.com,referral,desktop,2023-05-09,2
582,neu.bimswarm.de,referral,desktop,2023-05-09,3
429,bimswarm.de,referral,desktop,2023-05-09,4
59,(direct),(none),desktop,2023-05-09,12
912,(direct),(none),mobile,2023-05-09,1
12,(direct),(none),desktop,2023-05-08,18
693,bimswarm.de,referral,desktop,2023-05-08,2
611,(direct),(none),desktop,2023-05-07,2
1077,bimswarm.de,referral,mobile,2023-05-07,1
1031,bimswarm.de,referral,desktop,2023-05-07,1
1150,digital-bau.com,referral,desktop,2023-05-05,1
304,(direct),(none),desktop,2023-05-05,5
1030,bimswarm.de,referral,desktop,2023-05-05,1
692,bimswarm.de,referral,desktop,2023-05-04,2
1234,google,organic,desktop,2023-05-04,1
460,neu.bimswarm.de,referral,desktop,2023-05-04,4
33,(direct),(none),desktop,2023-05-04,15
1029,bimswarm.de,referral,desktop,2023-05-03,1
965,(not set),(not set),desktop,2023-05-03,1
51,(direct),(none),desktop,2023-05-03,13
369,neu.bimswarm.de,referral,desktop,2023-05-03,5
453,jade-hs.webex.com,referral,desktop,2023-05-02,4
1180,facebook.com,referral,desktop,2023-05-02,1
1233,google,organic,desktop,2023-05-02,1
808,neu.bimswarm.de,referral,desktop,2023-05-02,2
347,bimswarm.de,referral,desktop,2023-05-02,5
32,(direct),(none),desktop,2023-05-02,15
1028,bimswarm.de,referral,desktop,2023-05-01,1
911,(direct),(none),mobile,2023-05-01,1
1316,neu.bimswarm.de,referral,desktop,2023-05-01,1
1179,facebook.com,referral,desktop,2023-04-30,1
856,(direct),(none),desktop,2023-04-30,1
1334,planen-bauen40.de,referral,desktop,2023-04-29,1
428,bimswarm.de,referral,desktop,2023-04-28,4
1333,planen-bauen40.de,referral,desktop,2023-04-28,1
1315,neu.bimswarm.de,referral,desktop,2023-04-28,1
92,(direct),(none),desktop,2023-04-28,10
1232,google,organic,desktop,2023-04-28,1
910,(direct),(none),mobile,2023-04-28,1
303,(direct),(none),desktop,2023-04-27,5
1314,neu.bimswarm.de,referral,desktop,2023-04-27,1
691,bimswarm.de,referral,desktop,2023-04-27,2
346,bimswarm.de,referral,desktop,2023-04-26,5
256,(direct),(none),desktop,2023-04-26,6
779,google,organic,desktop,2023-04-26,2
579,jira.adesso.de,referral,desktop,2023-04-26,3
368,neu.bimswarm.de,referral,desktop,2023-04-26,5
807,neu.bimswarm.de,referral,desktop,2023-04-25,2
384,(direct),(none),desktop,2023-04-25,4
345,bimswarm.de,referral,desktop,2023-04-25,5
182,bimswarm.de,referral,desktop,2023-04-24,8
980,114.114.114.114:9421,referral,desktop,2023-04-24,1
486,(direct),(none),desktop,2023-04-24,3
367,neu.bimswarm.de,referral,desktop,2023-04-24,5
1231,google,organic,desktop,2023-04-24,1
610,(direct),(none),desktop,2023-04-23,2
1076,bimswarm.de,referral,mobile,2023-04-23,1
1167,digital-bau.com,referral,mobile,2023-04-22,1
964,(not set),(not set),desktop,2023-04-21,1
855,(direct),(none),desktop,2023-04-21,1
755,digital-bau.com,referral,desktop,2023-04-21,2
534,bimswarm.de,referral,desktop,2023-04-21,3
506,(direct),(none),mobile,2023-04-20,3
1195,facebook.com,referral,tablet,2023-04-20,1
1332,planen-bauen40.de,referral,desktop,2023-04-20,1
302,(direct),(none),desktop,2023-04-20,5
533,bimswarm.de,referral,desktop,2023-04-20,3
564,google,organic,desktop,2023-04-20,3
1149,digital-bau.com,referral,desktop,2023-04-20,1
238,neu.bimswarm.de,referral,desktop,2023-04-20,7
282,bimswarm.de,referral,desktop,2023-04-19,6
799,jira.adesso.de,referral,desktop,2023-04-19,2
816,planen-bauen40.de,referral,desktop,2023-04-19,2
91,(direct),(none),desktop,2023-04-19,10
1075,bimswarm.de,referral,mobile,2023-04-19,1
366,neu.bimswarm.de,referral,desktop,2023-04-19,5
690,bimswarm.de,referral,desktop,2023-04-18,2
459,neu.bimswarm.de,referral,desktop,2023-04-18,4
58,(direct),(none),desktop,2023-04-18,12
1139,confluence.hottgenroth.de,referral,desktop,2023-04-17,1
854,(direct),(none),desktop,2023-04-17,1
458,neu.bimswarm.de,referral,desktop,2023-04-17,4
181,bimswarm.de,referral,desktop,2023-04-17,8
609,(direct),(none),desktop,2023-04-16,2
1027,bimswarm.de,referral,desktop,2023-04-16,1
657,(direct),(none),tablet,2023-04-15,2
228,bimswarm.de,referral,desktop,2023-04-15,7
344,bimswarm.de,referral,desktop,2023-04-14,5
57,(direct),(none),desktop,2023-04-14,12
1148,digital-bau.com,referral,desktop,2023-04-13,1
1331,planen-bauen40.de,referral,desktop,2023-04-13,1
909,(direct),(none),mobile,2023-04-13,1
581,neu.bimswarm.de,referral,desktop,2023-04-13,3
383,(direct),(none),desktop,2023-04-13,4
1026,bimswarm.de,referral,desktop,2023-04-13,1
1289,jira.adesso.de,referral,desktop,2023-04-13,1
1025,bimswarm.de,referral,desktop,2023-04-12,1
806,neu.bimswarm.de,referral,desktop,2023-04-12,2
207,(direct),(none),desktop,2023-04-12,7
1138,confluence.hottgenroth.de,referral,desktop,2023-04-12,1
1178,facebook.com,referral,desktop,2023-04-12,1
301,(direct),(none),desktop,2023-04-11,5
754,confluence.hottgenroth.de,referral,desktop,2023-04-11,2
908,(direct),(none),mobile,2023-04-11,1
578,jira.adesso.de,referral,desktop,2023-04-11,3
343,bimswarm.de,referral,desktop,2023-04-11,5
1177,facebook.com,referral,desktop,2023-04-11,1
805,neu.bimswarm.de,referral,desktop,2023-04-11,2
382,(direct),(none),desktop,2023-04-10,4
1230,google,organic,desktop,2023-04-08,1
1356,tga-praxis.de,referral,desktop,2023-04-08,1
853,(direct),(none),desktop,2023-04-07,1
907,(direct),(none),mobile,2023-04-07,1
1147,digital-bau.com,referral,desktop,2023-04-06,1
532,bimswarm.de,referral,desktop,2023-04-06,3
608,(direct),(none),desktop,2023-04-06,2
778,google,organic,desktop,2023-04-06,2
906,(direct),(none),mobile,2023-04-06,1
557,confluence.hottgenroth.de,referral,desktop,2023-04-06,3
365,neu.bimswarm.de,referral,desktop,2023-04-06,5
963,(not set),(not set),desktop,2023-04-06,1
689,bimswarm.de,referral,desktop,2023-04-05,2
77,(direct),(none),desktop,2023-04-05,11
1137,confluence.hottgenroth.de,referral,desktop,2023-04-05,1
777,google,organic,desktop,2023-04-05,2
531,bimswarm.de,referral,desktop,2023-04-04,3
132,(direct),(none),desktop,2023-04-04,9
1136,confluence.hottgenroth.de,referral,desktop,2023-04-04,1
632,(direct),(none),mobile,2023-04-04,2
342,bimswarm.de,referral,desktop,2023-04-03,5
631,(direct),(none),mobile,2023-04-03,2
255,(direct),(none),desktop,2023-04-03,6
485,(direct),(none),desktop,2023-04-02,3
688,bimswarm.de,referral,desktop,2023-03-31,2
905,(direct),(none),mobile,2023-03-31,1
206,(direct),(none),desktop,2023-03-31,7
1024,bimswarm.de,referral,desktop,2023-03-30,1
1313,neu.bimswarm.de,referral,desktop,2023-03-30,1
131,(direct),(none),desktop,2023-03-30,9
205,(direct),(none),desktop,2023-03-29,7
1312,neu.bimswarm.de,referral,desktop,2023-03-29,1
227,bimswarm.de,referral,desktop,2023-03-29,7
530,bimswarm.de,referral,desktop,2023-03-28,3
804,neu.bimswarm.de,referral,desktop,2023-03-28,2
10,(direct),(none),desktop,2023-03-28,19
904,(direct),(none),mobile,2023-03-27,1
762,facebook.com,referral,desktop,2023-03-27,2
169,(direct),(none),desktop,2023-03-27,8
687,bimswarm.de,referral,desktop,2023-03-27,2
484,(direct),(none),desktop,2023-03-26,3
903,(direct),(none),mobile,2023-03-25,1
962,(not set),(not set),desktop,2023-03-25,1
427,bimswarm.de,referral,desktop,2023-03-24,4
168,(direct),(none),desktop,2023-03-24,8
167,(direct),(none),desktop,2023-03-23,8
1288,jira.adesso.de,referral,desktop,2023-03-23,1
902,(direct),(none),mobile,2023-03-23,1
67,bimswarm.de,referral,desktop,2023-03-23,12
512,(not set),(not set),desktop,2023-03-22,3
901,(direct),(none),mobile,2023-03-22,1
45,bimswarm.de,referral,desktop,2023-03-22,14
18,(direct),(none),desktop,2023-03-22,17
577,jira.adesso.de,referral,desktop,2023-03-21,3
166,(direct),(none),desktop,2023-03-21,8
1146,digital-bau.com,referral,desktop,2023-03-21,1
341,bimswarm.de,referral,desktop,2023-03-21,5
1145,digital-bau.com,referral,desktop,2023-03-20,1
776,google,organic,desktop,2023-03-20,2
322,(direct),(none),mobile,2023-03-20,5
50,(direct),(none),desktop,2023-03-20,13
281,bimswarm.de,referral,desktop,2023-03-20,6
1074,bimswarm.de,referral,mobile,2023-03-19,1
1023,bimswarm.de,referral,desktop,2023-03-18,1
1133,bvn.de,referral,desktop,2023-03-18,1
1073,bimswarm.de,referral,mobile,2023-03-18,1
900,(direct),(none),mobile,2023-03-17,1
982,5lcue.r.a.d.sendibm1.com,referral,desktop,2023-03-17,1
686,bimswarm.de,referral,desktop,2023-03-17,2
483,(direct),(none),desktop,2023-03-17,3
798,jira.adesso.de,referral,desktop,2023-03-16,2
961,(not set),(not set),desktop,2023-03-16,1
76,(direct),(none),desktop,2023-03-16,11
280,bimswarm.de,referral,desktop,2023-03-16,6
775,google,organic,desktop,2023-03-16,2
402,(direct),(none),mobile,2023-03-15,4
130,(direct),(none),desktop,2023-03-15,9
455,jira.adesso.de,referral,desktop,2023-03-15,4
340,bimswarm.de,referral,desktop,2023-03-15,5
291,bing,organic,desktop,2023-03-14,6
797,jira.adesso.de,referral,desktop,2023-03-14,2
25,(direct),(none),desktop,2023-03-14,16
1302,linkedin.com,referral,mobile,2023-03-14,1
1297,linkedin.com,referral,desktop,2023-03-14,1
426,bimswarm.de,referral,desktop,2023-03-14,4
362,bing,organic,desktop,2023-03-13,5
774,google,organic,desktop,2023-03-13,2
425,bimswarm.de,referral,desktop,2023-03-13,4
1287,jira.adesso.de,referral,desktop,2023-03-13,1
899,(direct),(none),mobile,2023-03-13,1
204,(direct),(none),desktop,2023-03-13,7
1022,bimswarm.de,referral,desktop,2023-03-11,1
279,bimswarm.de,referral,desktop,2023-03-10,6
1144,digital-bau.com,referral,desktop,2023-03-10,1
203,(direct),(none),desktop,2023-03-10,7
17,(direct),(none),desktop,2023-03-09,17
1229,google,organic,desktop,2023-03-09,1
424,bimswarm.de,referral,desktop,2023-03-09,4
1228,google,organic,desktop,2023-03-08,1
300,(direct),(none),desktop,2023-03-08,5
529,bimswarm.de,referral,desktop,2023-03-08,3
114,bimswarm.de,referral,desktop,2023-03-07,10
898,(direct),(none),mobile,2023-03-07,1
1311,neu.bimswarm.de,referral,desktop,2023-03-07,1
49,(direct),(none),desktop,2023-03-07,13
1143,digital-bau.com,referral,desktop,2023-03-07,1
339,bimswarm.de,referral,desktop,2023-03-06,5
1310,neu.bimswarm.de,referral,desktop,2023-03-06,1
1142,digital-bau.com,referral,desktop,2023-03-06,1
299,(direct),(none),desktop,2023-03-06,5
423,bimswarm.de,referral,desktop,2023-03-03,4
897,(direct),(none),mobile,2023-03-03,1
254,(direct),(none),desktop,2023-03-03,6
1176,facebook.com,referral,desktop,2023-03-03,1
896,(direct),(none),mobile,2023-03-02,1
528,bimswarm.de,referral,desktop,2023-03-02,3
773,google,organic,desktop,2023-03-02,2
482,(direct),(none),desktop,2023-03-02,3
1072,bimswarm.de,referral,mobile,2023-03-02,1
1286,jira.adesso.de,referral,desktop,2023-03-02,1
726,bimswarm.de,referral,mobile,2023-03-01,2
941,(direct),(none),tablet,2023-03-01,1
202,(direct),(none),desktop,2023-03-01,7
40,bimswarm.de,referral,desktop,2023-03-01,15
175,(direct),(none),mobile,2023-03-01,8
364,google,organic,desktop,2023-03-01,5
278,bimswarm.de,referral,desktop,2023-02-28,6
381,(direct),(none),desktop,2023-02-28,4
1227,google,organic,desktop,2023-02-28,1
960,(not set),(not set),desktop,2023-02-27,1
1226,google,organic,desktop,2023-02-27,1
1309,neu.bimswarm.de,referral,desktop,2023-02-27,1
1071,bimswarm.de,referral,mobile,2023-02-27,1
9,(direct),(none),desktop,2023-02-27,19
338,bimswarm.de,referral,desktop,2023-02-27,5
959,(not set),(not set),desktop,2023-02-26,1
337,bimswarm.de,referral,desktop,2023-02-26,5
1070,bimswarm.de,referral,mobile,2023-02-25,1
1175,facebook.com,referral,desktop,2023-02-25,1
1002,baidu,organic,mobile,2023-02-25,1
958,(not set),(not set),desktop,2023-02-24,1
527,bimswarm.de,referral,desktop,2023-02-24,3
1141,digital-bau.com,referral,desktop,2023-02-24,1
454,jira.adesso.de,referral,desktop,2023-02-24,4
481,(direct),(none),desktop,2023-02-24,3
1225,google,organic,desktop,2023-02-23,1
796,jira.adesso.de,referral,desktop,2023-02-23,2
277,bimswarm.de,referral,desktop,2023-02-23,6
852,(direct),(none),desktop,2023-02-23,1
1168,digital-bau.trionline.de,referral,desktop,2023-02-22,1
1354,swarmprod.ddns.net,referral,desktop,2023-02-22,1
75,(direct),(none),desktop,2023-02-22,11
795,jira.adesso.de,referral,desktop,2023-02-22,2
336,bimswarm.de,referral,desktop,2023-02-22,5
406,baidu,organic,mobile,2023-02-22,4
630,(direct),(none),mobile,2023-02-22,2
1308,neu.bimswarm.de,referral,desktop,2023-02-21,1
276,bimswarm.de,referral,desktop,2023-02-21,6
380,(direct),(none),desktop,2023-02-21,4
1174,facebook.com,referral,desktop,2023-02-20,1
607,(direct),(none),desktop,2023-02-20,2
526,bimswarm.de,referral,desktop,2023-02-20,3
1021,bimswarm.de,referral,desktop,2023-02-19,1
606,(direct),(none),desktop,2023-02-19,2
1069,bimswarm.de,referral,mobile,2023-02-18,1
605,(direct),(none),desktop,2023-02-18,2
685,bimswarm.de,referral,desktop,2023-02-18,2
1173,facebook.com,referral,desktop,2023-02-18,1
253,(direct),(none),desktop,2023-02-17,6
895,(direct),(none),mobile,2023-02-17,1
684,bimswarm.de,referral,desktop,2023-02-17,2
666,baidu,organic,mobile,2023-02-17,2
989,adesso.de,referral,desktop,2023-02-17,1
894,(direct),(none),mobile,2023-02-16,1
165,(direct),(none),desktop,2023-02-16,8
988,adesso.de,referral,desktop,2023-02-16,1
1285,jira.adesso.de,referral,desktop,2023-02-16,1
683,bimswarm.de,referral,desktop,2023-02-16,2
665,baidu,organic,mobile,2023-02-15,2
226,bimswarm.de,referral,desktop,2023-02-15,7
1284,jira.adesso.de,referral,desktop,2023-02-15,1
129,(direct),(none),desktop,2023-02-15,9
180,bimswarm.de,referral,desktop,2023-02-14,8
90,(direct),(none),desktop,2023-02-14,10
1172,facebook.com,referral,desktop,2023-02-14,1
89,(direct),(none),desktop,2023-02-13,10
772,google,organic,desktop,2023-02-13,2
422,bimswarm.de,referral,desktop,2023-02-13,4
1001,baidu,organic,mobile,2023-02-13,1
851,(direct),(none),desktop,2023-02-12,1
480,(direct),(none),desktop,2023-02-11,3
761,facebook.com,referral,desktop,2023-02-11,2
794,jira.adesso.de,referral,desktop,2023-02-10,2
682,bimswarm.de,referral,desktop,2023-02-10,2
164,(direct),(none),desktop,2023-02-10,8
815,planen-bauen40.de,referral,desktop,2023-02-09,2
525,bimswarm.de,referral,desktop,2023-02-09,3
252,(direct),(none),desktop,2023-02-09,6
421,bimswarm.de,referral,desktop,2023-02-08,4
957,(not set),(not set),desktop,2023-02-08,1
604,(direct),(none),desktop,2023-02-08,2
379,(direct),(none),desktop,2023-02-07,4
420,bimswarm.de,referral,desktop,2023-02-07,4
419,bimswarm.de,referral,desktop,2023-02-06,4
163,(direct),(none),desktop,2023-02-06,8
956,(not set),(not set),desktop,2023-02-05,1
850,(direct),(none),desktop,2023-02-05,1
1020,bimswarm.de,referral,desktop,2023-02-05,1
603,(direct),(none),desktop,2023-02-04,2
1283,jira.adesso.de,referral,desktop,2023-02-03,1
849,(direct),(none),desktop,2023-02-03,1
524,bimswarm.de,referral,desktop,2023-02-03,3
201,(direct),(none),desktop,2023-02-02,7
1171,facebook.com,referral,desktop,2023-02-02,1
275,bimswarm.de,referral,desktop,2023-02-02,6
576,jira.adesso.de,referral,desktop,2023-02-02,3
511,(not set),(not set),desktop,2023-02-02,3
162,(direct),(none),desktop,2023-02-01,8
563,google,organic,desktop,2023-02-01,3
1170,facebook.com,referral,desktop,2023-02-01,1
335,bimswarm.de,referral,desktop,2023-02-01,5
1265,google,organic,mobile,2023-01-31,1
1343,startconsult.everythink.co,referral,desktop,2023-01-31,1
274,bimswarm.de,referral,desktop,2023-01-31,6
298,(direct),(none),desktop,2023-01-31,5
955,(not set),(not set),desktop,2023-01-31,1
1003,baugewerbe-digital.de,referral,desktop,2023-01-30,1
1169,facebook.com,referral,desktop,2023-01-30,1
297,(direct),(none),desktop,2023-01-30,5
681,bimswarm.de,referral,desktop,2023-01-30,2
848,(direct),(none),desktop,2023-01-29,1
479,(direct),(none),desktop,2023-01-28,3
680,bimswarm.de,referral,desktop,2023-01-28,2
1296,linkedin.com,referral,desktop,2023-01-28,1
445,bimswarm.de,referral,mobile,2023-01-27,4
667,baugewerbe-digital.de,referral,desktop,2023-01-27,2
200,(direct),(none),desktop,2023-01-27,7
1224,google,organic,desktop,2023-01-27,1
82,bimswarm.de,referral,desktop,2023-01-27,11
893,(direct),(none),mobile,2023-01-27,1
334,bimswarm.de,referral,desktop,2023-01-26,5
296,(direct),(none),desktop,2023-01-26,5
1282,jira.adesso.de,referral,desktop,2023-01-26,1
679,bimswarm.de,referral,desktop,2023-01-25,2
113,bimswarm.de,referral,desktop,2023-01-24,10
378,(direct),(none),desktop,2023-01-24,4
847,(direct),(none),desktop,2023-01-23,1
1281,jira.adesso.de,referral,desktop,2023-01-23,1
846,(direct),(none),desktop,2023-01-22,1
892,(direct),(none),mobile,2023-01-22,1
251,(direct),(none),desktop,2023-01-20,6
1280,jira.adesso.de,referral,desktop,2023-01-20,1
225,bimswarm.de,referral,desktop,2023-01-20,7
1264,google,organic,mobile,2023-01-19,1
1223,google,organic,desktop,2023-01-19,1
523,bimswarm.de,referral,desktop,2023-01-19,3
891,(direct),(none),mobile,2023-01-19,1
250,(direct),(none),desktop,2023-01-19,6
725,bimswarm.de,referral,mobile,2023-01-18,2
249,(direct),(none),desktop,2023-01-18,6
801,linkedin.com,referral,desktop,2023-01-18,2
224,bimswarm.de,referral,desktop,2023-01-18,7
199,(direct),(none),desktop,2023-01-17,7
890,(direct),(none),mobile,2023-01-17,1
800,linkedin.com,referral,desktop,2023-01-17,2
814,planen-bauen40.de,referral,desktop,2023-01-17,2
418,bimswarm.de,referral,desktop,2023-01-17,4
450,google,organic,desktop,2023-01-16,4
417,bimswarm.de,referral,desktop,2023-01-16,4
377,(direct),(none),desktop,2023-01-16,4
845,(direct),(none),desktop,2023-01-15,1
844,(direct),(none),desktop,2023-01-14,1
248,(direct),(none),desktop,2023-01-13,6
889,(direct),(none),mobile,2023-01-13,1
333,bimswarm.de,referral,desktop,2023-01-13,5
161,(direct),(none),desktop,2023-01-12,8
733,bimswarm.de,referral,tablet,2023-01-12,2
771,google,organic,desktop,2023-01-12,2
151,bimswarm.de,referral,desktop,2023-01-12,9
416,bimswarm.de,referral,desktop,2023-01-11,4
602,(direct),(none),desktop,2023-01-11,2
247,(direct),(none),desktop,2023-01-10,6
332,bimswarm.de,referral,desktop,2023-01-10,5
1000,baidu,organic,mobile,2023-01-10,1
601,(direct),(none),desktop,2023-01-09,2
273,bimswarm.de,referral,desktop,2023-01-09,6
478,(direct),(none),desktop,2023-01-08,3
1105,bimswarm.de,referral,tablet,2023-01-08,1
843,(direct),(none),desktop,2023-01-07,1
1222,google,organic,desktop,2023-01-06,1
1330,planen-bauen40.de,referral,desktop,2023-01-06,1
842,(direct),(none),desktop,2023-01-06,1
522,bimswarm.de,referral,desktop,2023-01-06,3
1271,google,organic,tablet,2023-01-05,1
1329,planen-bauen40.de,referral,desktop,2023-01-05,1
600,(direct),(none),desktop,2023-01-05,2
678,bimswarm.de,referral,desktop,2023-01-05,2
246,(direct),(none),desktop,2023-01-04,6
272,bimswarm.de,referral,desktop,2023-01-04,6
1104,bimswarm.de,referral,tablet,2023-01-03,1
521,bimswarm.de,referral,desktop,2023-01-03,3
599,(direct),(none),desktop,2023-01-03,2
1263,google,organic,mobile,2023-01-03,1
813,planen-bauen40.de,referral,desktop,2023-01-02,2
841,(direct),(none),desktop,2023-01-02,1
981,5lcue.r.a.d.sendibm1.com,referral,desktop,2023-01-02,1
840,(direct),(none),desktop,2022-12-30,1
1328,planen-bauen40.de,referral,desktop,2022-12-29,1
1019,bimswarm.de,referral,desktop,2022-12-29,1
245,(direct),(none),desktop,2022-12-28,6
1068,bimswarm.de,referral,mobile,2022-12-28,1
677,bimswarm.de,referral,desktop,2022-12-28,2
1018,bimswarm.de,referral,desktop,2022-12-27,1
1355,tasks.office.com,referral,desktop,2022-12-27,1
1274,ingenieurbau-online.de,referral,desktop,2022-12-26,1
1017,bimswarm.de,referral,desktop,2022-12-26,1
839,(direct),(none),desktop,2022-12-26,1
629,(direct),(none),mobile,2022-12-26,2
1273,ingenieurbau-online.de,referral,desktop,2022-12-25,1
598,(direct),(none),desktop,2022-12-25,2
597,(direct),(none),desktop,2022-12-24,2
838,(direct),(none),desktop,2022-12-23,1
954,(not set),(not set),desktop,2022-12-23,1
984,5lcue.r.bh.d.sendibt3.com,referral,desktop,2022-12-22,1
128,(direct),(none),desktop,2022-12-22,9
271,bimswarm.de,referral,desktop,2022-12-22,6
1067,bimswarm.de,referral,mobile,2022-12-21,1
81,bimswarm.de,referral,desktop,2022-12-21,11
888,(direct),(none),mobile,2022-12-21,1
88,(direct),(none),desktop,2022-12-21,10
953,(not set),(not set),desktop,2022-12-21,1
1327,planen-bauen40.de,referral,desktop,2022-12-20,1
983,5lcue.r.bh.d.sendibt3.com,referral,desktop,2022-12-20,1
477,(direct),(none),desktop,2022-12-20,3
1016,bimswarm.de,referral,desktop,2022-12-20,1
476,(direct),(none),desktop,2022-12-19,3
112,bimswarm.de,referral,desktop,2022-12-19,10
837,(direct),(none),desktop,2022-12-18,1
1326,planen-bauen40.de,referral,desktop,2022-12-18,1
887,(direct),(none),mobile,2022-12-17,1
415,bimswarm.de,referral,desktop,2022-12-17,4
1221,google,organic,desktop,2022-12-17,1
414,bimswarm.de,referral,desktop,2022-12-16,4
886,(direct),(none),mobile,2022-12-16,1
376,(direct),(none),desktop,2022-12-16,4
562,google,organic,desktop,2022-12-15,3
7,bimswarm.de,referral,desktop,2022-12-15,20
1115,bing,organic,desktop,2022-12-15,1
56,(direct),(none),desktop,2022-12-15,12
331,bimswarm.de,referral,desktop,2022-12-14,5
160,(direct),(none),desktop,2022-12-14,8
520,bimswarm.de,referral,desktop,2022-12-13,3
475,(direct),(none),desktop,2022-12-13,3
596,(direct),(none),desktop,2022-12-12,2
1220,google,organic,desktop,2022-12-12,1
999,baidu,organic,mobile,2022-12-12,1
223,bimswarm.de,referral,desktop,2022-12-12,7
1015,bimswarm.de,referral,desktop,2022-12-11,1
474,(direct),(none),desktop,2022-12-11,3
1014,bimswarm.de,referral,desktop,2022-12-10,1
473,(direct),(none),desktop,2022-12-09,3
222,bimswarm.de,referral,desktop,2022-12-09,7
812,planen-bauen40.de,referral,desktop,2022-12-09,2
561,google,organic,desktop,2022-12-09,3
811,planen-bauen40.de,referral,desktop,2022-12-08,2
80,bimswarm.de,referral,desktop,2022-12-08,11
1219,google,organic,desktop,2022-12-08,1
11,(direct),(none),desktop,2022-12-08,18
1346,statics.teams.cdn.office.net,referral,desktop,2022-12-08,1
54,bimswarm.de,referral,desktop,2022-12-07,13
1218,google,organic,desktop,2022-12-07,1
15,bimswarm.de,referral,desktop,2022-12-06,18
159,(direct),(none),desktop,2022-12-06,8
111,bimswarm.de,referral,desktop,2022-12-05,10
198,(direct),(none),desktop,2022-12-05,7
560,google,organic,desktop,2022-12-05,3
1307,neu.bimswarm.de,referral,desktop,2022-12-05,1
1013,bimswarm.de,referral,desktop,2022-12-04,1
1217,google,organic,desktop,2022-12-04,1
1012,bimswarm.de,referral,desktop,2022-12-03,1
836,(direct),(none),desktop,2022-12-03,1
244,(direct),(none),desktop,2022-12-02,6
1006,bimswarm.atlassian.net,referral,desktop,2022-12-02,1
270,bimswarm.de,referral,desktop,2022-12-02,6
952,(not set),(not set),desktop,2022-12-02,1
66,bimswarm.de,referral,desktop,2022-12-01,12
407,bimswarm.atlassian.net,referral,desktop,2022-12-01,4
87,(direct),(none),desktop,2022-12-01,10
513,bimswarm.atlassian.net,referral,desktop,2022-11-30,3
150,bimswarm.de,referral,desktop,2022-11-30,9
595,(direct),(none),desktop,2022-11-30,2
998,baidu,organic,mobile,2022-11-30,1
1066,bimswarm.de,referral,mobile,2022-11-30,1
110,bimswarm.de,referral,desktop,2022-11-29,10
770,google,organic,desktop,2022-11-29,2
821,statics.teams.cdn.office.net,referral,desktop,2022-11-29,2
74,(direct),(none),desktop,2022-11-29,11
127,(direct),(none),desktop,2022-11-28,9
109,bimswarm.de,referral,desktop,2022-11-28,10
1216,google,organic,desktop,2022-11-28,1
997,baidu,organic,mobile,2022-11-27,1
676,bimswarm.de,referral,desktop,2022-11-27,2
835,(direct),(none),desktop,2022-11-26,1
885,(direct),(none),mobile,2022-11-25,1
724,bimswarm.de,referral,mobile,2022-11-25,2
149,bimswarm.de,referral,desktop,2022-11-25,9
243,(direct),(none),desktop,2022-11-25,6
148,bimswarm.de,referral,desktop,2022-11-24,9
197,(direct),(none),desktop,2022-11-24,7
723,bimswarm.de,referral,mobile,2022-11-24,2
65,bimswarm.de,referral,desktop,2022-11-23,12
1215,google,organic,desktop,2022-11-23,1
242,(direct),(none),desktop,2022-11-23,6
156,bimswarm.de,referral,mobile,2022-11-22,9
293,google,organic,mobile,2022-11-22,6
23,bimswarm.de,referral,desktop,2022-11-22,17
126,(direct),(none),desktop,2022-11-22,9
1214,google,organic,desktop,2022-11-22,1
321,(direct),(none),mobile,2022-11-22,5
1005,bimswarm.atlassian.net,referral,desktop,2022-11-21,1
196,(direct),(none),desktop,2022-11-21,7
737,bing,organic,desktop,2022-11-21,2
221,bimswarm.de,referral,desktop,2022-11-21,7
834,(direct),(none),desktop,2022-11-20,1
675,bimswarm.de,referral,desktop,2022-11-20,2
330,bimswarm.de,referral,desktop,2022-11-19,5
594,(direct),(none),desktop,2022-11-19,2
472,(direct),(none),desktop,2022-11-18,3
179,bimswarm.de,referral,desktop,2022-11-18,8
1213,google,organic,desktop,2022-11-18,1
147,bimswarm.de,referral,desktop,2022-11-17,9
471,(direct),(none),desktop,2022-11-17,3
674,bimswarm.de,referral,desktop,2022-11-16,2
1212,google,organic,desktop,2022-11-16,1
375,(direct),(none),desktop,2022-11-16,4
6,bimswarm.de,referral,desktop,2022-11-15,20
125,(direct),(none),desktop,2022-11-15,9
668,bimswarm.atlassian.net,referral,desktop,2022-11-15,2
1065,bimswarm.de,referral,mobile,2022-11-15,1
449,google,organic,desktop,2022-11-14,4
241,(direct),(none),desktop,2022-11-14,6
269,bimswarm.de,referral,desktop,2022-11-14,6
1262,google,organic,mobile,2022-11-14,1
1064,bimswarm.de,referral,mobile,2022-11-14,1
470,(direct),(none),desktop,2022-11-13,3
1261,google,organic,mobile,2022-11-12,1
673,bimswarm.de,referral,desktop,2022-11-12,2
593,(direct),(none),desktop,2022-11-12,2
884,(direct),(none),mobile,2022-11-12,1
592,(direct),(none),desktop,2022-11-11,2
722,bimswarm.de,referral,mobile,2022-11-11,2
519,bimswarm.de,referral,desktop,2022-11-11,3
457,linkedin.com,referral,desktop,2022-11-10,4
108,bimswarm.de,referral,desktop,2022-11-10,10
1211,google,organic,desktop,2022-11-10,1
659,(not set),(not set),desktop,2022-11-10,2
591,(direct),(none),desktop,2022-11-10,2
883,(direct),(none),mobile,2022-11-10,1
178,bimswarm.de,referral,desktop,2022-11-09,8
559,google,organic,desktop,2022-11-09,3
48,(direct),(none),desktop,2022-11-09,13
721,bimswarm.de,referral,mobile,2022-11-09,2
64,bimswarm.de,referral,desktop,2022-11-08,12
73,(direct),(none),desktop,2022-11-08,11
1210,google,organic,desktop,2022-11-08,1
1063,bimswarm.de,referral,mobile,2022-11-08,1
1291,kompetenzzentrum-planen-und-bauen.digital,referral,desktop,2022-11-07,1
1209,google,organic,desktop,2022-11-07,1
72,(direct),(none),desktop,2022-11-07,11
39,bimswarm.de,referral,desktop,2022-11-07,15
1062,bimswarm.de,referral,mobile,2022-11-07,1
1011,bimswarm.de,referral,desktop,2022-11-06,1
656,(direct),(none),tablet,2022-11-06,2
590,(direct),(none),desktop,2022-11-06,2
833,(direct),(none),desktop,2022-11-05,1
951,(not set),(not set),desktop,2022-11-04,1
672,bimswarm.de,referral,desktop,2022-11-04,2
374,(direct),(none),desktop,2022-11-04,4
882,(direct),(none),mobile,2022-11-04,1
177,bimswarm.de,referral,desktop,2022-11-03,8
469,(direct),(none),desktop,2022-11-03,3
1103,bimswarm.de,referral,tablet,2022-11-03,1
468,(direct),(none),desktop,2022-11-02,3
268,bimswarm.de,referral,desktop,2022-11-02,6
413,bimswarm.de,referral,desktop,2022-11-01,4
1290,kompetenzzentrum-planen-und-bauen.digital,referral,desktop,2022-11-01,1
589,(direct),(none),desktop,2022-11-01,2
329,bimswarm.de,referral,desktop,2022-10-31,5
467,(direct),(none),desktop,2022-10-31,3
996,baidu,organic,mobile,2022-10-30,1
832,(direct),(none),desktop,2022-10-30,1
588,(direct),(none),desktop,2022-10-29,2
466,(direct),(none),desktop,2022-10-28,3
412,bimswarm.de,referral,desktop,2022-10-28,4
1260,google,organic,mobile,2022-10-28,1
1208,google,organic,desktop,2022-10-28,1
465,(direct),(none),desktop,2022-10-27,3
720,bimswarm.de,referral,mobile,2022-10-27,2
107,bimswarm.de,referral,desktop,2022-10-27,10
1114,bing,organic,desktop,2022-10-27,1
1207,google,organic,desktop,2022-10-26,1
373,(direct),(none),desktop,2022-10-26,4
518,bimswarm.de,referral,desktop,2022-10-26,3
992,app.goto.com,referral,desktop,2022-10-26,1
1061,bimswarm.de,referral,mobile,2022-10-25,1
217,app.goto.com,referral,desktop,2022-10-25,7
106,bimswarm.de,referral,desktop,2022-10-25,10
510,(not set),(not set),desktop,2022-10-25,3
464,(direct),(none),desktop,2022-10-25,3
146,bimswarm.de,referral,desktop,2022-10-24,9
372,(direct),(none),desktop,2022-10-24,4
1272,ingenieurbau-online.de,referral,desktop,2022-10-24,1
1060,bimswarm.de,referral,mobile,2022-10-24,1
558,google,organic,desktop,2022-10-24,3
1259,google,organic,mobile,2022-10-24,1
831,(direct),(none),desktop,2022-10-23,1
451,google,organic,mobile,2022-10-22,4
371,(direct),(none),desktop,2022-10-22,4
1112,bimtagedeutschland.de,referral,desktop,2022-10-21,1
105,bimswarm.de,referral,desktop,2022-10-21,10
881,(direct),(none),mobile,2022-10-21,1
195,(direct),(none),desktop,2022-10-21,7
1197,futury.lightning.force.com,referral,desktop,2022-10-20,1
1111,bimtagedeutschland.de,referral,desktop,2022-10-20,1
267,bimswarm.de,referral,desktop,2022-10-20,6
124,(direct),(none),desktop,2022-10-20,9
736,bing,organic,desktop,2022-10-20,2
769,google,organic,desktop,2022-10-20,2
411,bimswarm.de,referral,desktop,2022-10-19,4
123,(direct),(none),desktop,2022-10-19,9
71,(direct),(none),desktop,2022-10-18,11
1206,google,organic,desktop,2022-10-18,1
880,(direct),(none),mobile,2022-10-18,1
145,bimswarm.de,referral,desktop,2022-10-18,9
879,(direct),(none),mobile,2022-10-17,1
16,(direct),(none),desktop,2022-10-17,17
5,bimswarm.de,referral,desktop,2022-10-17,20
220,bimswarm.de,referral,desktop,2022-10-16,7
295,(direct),(none),desktop,2022-10-16,5
1010,bimswarm.de,referral,desktop,2022-10-15,1
587,(direct),(none),desktop,2022-10-15,2
70,(direct),(none),desktop,2022-10-14,11
328,bimswarm.de,referral,desktop,2022-10-14,5
878,(direct),(none),mobile,2022-10-13,1
69,(direct),(none),desktop,2022-10-13,11
1205,google,organic,desktop,2022-10-13,1
517,bimswarm.de,referral,desktop,2022-10-13,3
987,adesso.de,referral,desktop,2022-10-12,1
664,baidu,organic,mobile,2022-10-12,2
1204,google,organic,desktop,2022-10-12,1
122,(direct),(none),desktop,2022-10-12,9
176,bimswarm.de,referral,desktop,2022-10-12,8
86,(direct),(none),desktop,2022-10-11,10
326,app.goto.com,referral,desktop,2022-10-11,5
30,bimswarm.de,referral,desktop,2022-10-11,16
194,(direct),(none),desktop,2022-10-10,7
104,bimswarm.de,referral,desktop,2022-10-10,10
1203,google,organic,desktop,2022-10-10,1
1004,bim-cluster-sachsen-anhalt.de,referral,desktop,2022-10-09,1
1102,bimswarm.de,referral,tablet,2022-10-09,1
370,(direct),(none),desktop,2022-10-09,4
463,(direct),(none),desktop,2022-10-08,3
877,(direct),(none),mobile,2022-10-07,1
1202,google,organic,desktop,2022-10-07,1
671,bimswarm.de,referral,desktop,2022-10-07,2
31,(direct),(none),desktop,2022-10-07,15
516,bimswarm.de,referral,desktop,2022-10-06,3
193,(direct),(none),desktop,2022-10-06,7
158,(direct),(none),desktop,2022-10-05,8
1295,linkedin.com,referral,desktop,2022-10-05,1
410,bimswarm.de,referral,desktop,2022-10-05,4
192,(direct),(none),desktop,2022-10-04,7
1132,bingk.de,referral,desktop,2022-10-04,1
409,bimswarm.de,referral,desktop,2022-10-04,4
408,bimswarm.de,referral,desktop,2022-10-03,4
830,(direct),(none),desktop,2022-10-03,1
586,(direct),(none),desktop,2022-10-02,2
1009,bimswarm.de,referral,desktop,2022-10-02,1
829,(direct),(none),desktop,2022-10-01,1
876,(direct),(none),mobile,2022-10-01,1
628,(direct),(none),mobile,2022-09-30,2
670,bimswarm.de,referral,desktop,2022-09-30,2
1201,google,organic,desktop,2022-09-30,1
240,(direct),(none),desktop,2022-09-30,6
1110,bimtagdeutschland.de,referral,desktop,2022-09-29,1
219,bimswarm.de,referral,desktop,2022-09-29,7
1345,statics.teams.cdn.office.net,referral,desktop,2022-09-29,1
55,(direct),(none),desktop,2022-09-29,12
505,(direct),(none),mobile,2022-09-29,3
995,baidu,organic,mobile,2022-09-29,1
1140,digital-bau.com,referral,desktop,2022-09-29,1
1200,google,organic,desktop,2022-09-28,1
266,bimswarm.de,referral,desktop,2022-09-28,6
1294,linkedin.com,referral,desktop,2022-09-28,1
121,(direct),(none),desktop,2022-09-28,9
734,bimtagdeutschland.de,referral,desktop,2022-09-28,2
456,linkedin.com,referral,desktop,2022-09-27,4
24,(direct),(none),desktop,2022-09-27,16
875,(direct),(none),mobile,2022-09-27,1
1199,google,organic,desktop,2022-09-27,1
1135,confluence.adesso.de,referral,desktop,2022-09-27,1
103,bimswarm.de,referral,desktop,2022-09-27,10
157,(direct),(none),desktop,2022-09-26,8
580,linkedin.com,referral,desktop,2022-09-26,3
1134,confluence.adesso.de,referral,desktop,2022-09-26,1
552,bing,organic,desktop,2022-09-26,3
327,bimswarm.de,referral,desktop,2022-09-26,5
994,baidu,organic,mobile,2022-09-26,1
1293,linkedin.com,referral,desktop,2022-09-25,1
294,(direct),(none),desktop,2022-09-25,5
1008,bimswarm.de,referral,desktop,2022-09-25,1
1059,bimswarm.de,referral,mobile,2022-09-24,1
1007,bimswarm.de,referral,desktop,2022-09-24,1
585,(direct),(none),desktop,2022-09-24,2
1198,google,organic,desktop,2022-09-23,1
239,(direct),(none),desktop,2022-09-23,6
515,bimswarm.de,referral,desktop,2022-09-23,3
753,confluence.adesso.de,referral,desktop,2022-09-23,2
1292,linkedin.com,referral,desktop,2022-09-23,1
1109,bimtagdeutschland.de,referral,desktop,2022-09-22,1
1344,statics.teams.cdn.office.net,referral,desktop,2022-09-22,1
719,bimswarm.de,referral,mobile,2022-09-22,2
218,bimswarm.de,referral,desktop,2022-09-22,7
237,google,organic,desktop,2022-09-22,7
663,app.goto.com,referral,desktop,2022-09-22,2
8,(direct),(none),desktop,2022-09-22,19
874,(direct),(none),mobile,2022-09-21,1
669,bimswarm.de,referral,desktop,2022-09-21,2
768,google,organic,desktop,2022-09-21,2
68,(direct),(none),desktop,2022-09-21,11
1108,bimtagdeutschland.de,referral,desktop,2022-09-21,1
44,bimswarm.de,referral,desktop,2022-09-20,14
767,google,organic,desktop,2022-09-20,2
41,(direct),(none),desktop,2022-09-20,14
873,(direct),(none),mobile,2022-09-20,1
735,bimtagedeutschland.expo-ip.com,referral,desktop,2022-09-20,2
2,bimswarm.de,referral,desktop,2022-09-19,23
359,bimswarm.de,referral,mobile,2022-09-19,5
47,(direct),(none),desktop,2022-09-19,13
993,baidu,organic,mobile,2022-09-19,1
828,(direct),(none),desktop,2022-09-18,1
462,(direct),(none),desktop,2022-09-17,3
827,(direct),(none),desktop,2022-09-16,1
361,bimtagdeutschland.de,referral,desktop,2022-09-16,5
514,bimswarm.de,referral,desktop,2022-09-16,3
