,Source,Referal,Medium,Date,Sessions,ProductID,Product,Supplier,OrgId
0,(direct),(none),desktop,2022-11-25,1,293,Bestandsbaudokumentation,Mittelstand 4.0-Kompetenzzentrum Planen und Bauen,247
1,(direct),(none),mobile,2023-05-09,1,288,Aspekte der Projektkoordinaton,Mittelstand 4.0-Kompetenzzentrum Planen und Bauen,247
0,(direct),(none),desktop,2022-11-25,1,288,Aspekte der Projektkoordinaton,Mittelstand 4.0-Kompetenzzentrum Planen und Bauen,247
0,(direct),(none),desktop,2022-11-25,1,292,Auftraggeber-Informations-Anforderungen Geometrie Regelwerke,Mittelstand 4.0-Kompetenzzentrum Planen und Bauen,247
1,jira.adesso.de,referral,desktop,2023-02-23,1,290,Bauphysik - Potential energetischer Gebäudesimulationen,Mittelstand 4.0-Kompetenzzentrum Planen und Bauen,247
0,(direct),(none),desktop,2022-11-25,2,290,Bauphysik - Potential energetischer Gebäudesimulationen,Mittelstand 4.0-Kompetenzzentrum Planen und Bauen,247
0,bimswarm.de,referral,mobile,2022-09-19,1,283,localexpert24,Berthold Becker Büro für Ingenieur- und Tiefbau GmbH,242
0,(direct),(none),desktop,2022-12-15,2,251,Dalux Box,Dalux Germany GmbH,229
0,bimswarm.de,referral,desktop,2023-01-10,1,254,Dalux FM,Dalux Germany GmbH,229
3,(direct),(none),desktop,2023-03-29,1,205,Geotechnische Software GEO5,GEO5 Software GmbH,199
5,5lcue.r.a.d.sendibm1.com,referral,desktop,2023-03-17,1,205,Geotechnische Software GEO5,GEO5 Software GmbH,199
0,google,organic,desktop,2023-03-16,2,205,Geotechnische Software GEO5,GEO5 Software GmbH,199
8,startconsult.everythink.co,referral,desktop,2023-01-31,1,205,Geotechnische Software GEO5,GEO5 Software GmbH,199
4,5lcue.r.a.d.sendibm1.com,referral,desktop,2023-01-02,1,205,Geotechnische Software GEO5,GEO5 Software GmbH,199
7,5lcue.r.bh.d.sendibt3.com,referral,desktop,2022-12-22,1,205,Geotechnische Software GEO5,GEO5 Software GmbH,199
6,5lcue.r.bh.d.sendibt3.com,referral,desktop,2022-12-20,1,205,Geotechnische Software GEO5,GEO5 Software GmbH,199
2,(direct),(none),desktop,2022-12-14,1,205,Geotechnische Software GEO5,GEO5 Software GmbH,199
1,(direct),(none),desktop,2022-09-27,1,205,Geotechnische Software GEO5,GEO5 Software GmbH,199
0,bimswarm.de,referral,desktop,2023-06-06,3,12,Kamioni – Digitale Bautransporte,Kamioni GmbH,8
9,google,organic,desktop,2023-04-28,1,12,Kamioni – Digitale Bautransporte,Kamioni GmbH,8
5,bimswarm.de,referral,desktop,2023-04-06,1,12,Kamioni – Digitale Bautransporte,Kamioni GmbH,8
8,google,organic,desktop,2023-03-20,1,12,Kamioni – Digitale Bautransporte,Kamioni GmbH,8
2,(direct),(none),desktop,2023-01-03,1,12,Kamioni – Digitale Bautransporte,Kamioni GmbH,8
4,bimswarm.de,referral,desktop,2022-12-06,1,12,Kamioni – Digitale Bautransporte,Kamioni GmbH,8
1,bimswarm.de,referral,desktop,2022-11-30,2,12,Kamioni – Digitale Bautransporte,Kamioni GmbH,8
7,google,organic,desktop,2022-11-16,1,12,Kamioni – Digitale Bautransporte,Kamioni GmbH,8
3,bimswarm.de,referral,desktop,2022-10-24,1,12,Kamioni – Digitale Bautransporte,Kamioni GmbH,8
6,google,organic,desktop,2022-10-24,1,12,Kamioni – Digitale Bautransporte,Kamioni GmbH,8
1,bimswarm.de,referral,mobile,2023-06-13,1,256,ADDISON Handwerk,ADDISON Handwerk,230
0,(direct),(none),desktop,2022-11-09,1,256,ADDISON Handwerk,ADDISON Handwerk,230
0,bimswarm.de,referral,desktop,2023-04-03,1,287,LCM Digital,LCM Digital,246
0,bimswarm.de,referral,desktop,2022-10-19,1,291,PropTech Search,Kompetenzzentrum DigiWoh e.V.,249
0,bimswarm.de,referral,desktop,2023-03-21,2,295,VDI 2552 Blatt 1,VDI – Verein Deutscher Ingenieure e.V.,252
2,bimswarm.de,referral,desktop,2023-02-23,1,295,VDI 2552 Blatt 1,VDI – Verein Deutscher Ingenieure e.V.,252
1,bimswarm.de,referral,desktop,2023-02-05,1,295,VDI 2552 Blatt 1,VDI – Verein Deutscher Ingenieure e.V.,252
11,google,organic,desktop,2023-03-20,1,167,RIB iTWO,RIB Software SE,17
10,google,organic,desktop,2023-03-09,1,167,RIB iTWO,RIB Software SE,17
9,google,organic,desktop,2023-03-08,1,167,RIB iTWO,RIB Software SE,17
8,google,organic,desktop,2023-01-06,1,167,RIB iTWO,RIB Software SE,17
0,google,organic,desktop,2022-11-29,2,167,RIB iTWO,RIB Software SE,17
7,google,organic,desktop,2022-11-22,1,167,RIB iTWO,RIB Software SE,17
1,(direct),(none),desktop,2022-10-29,1,167,RIB iTWO,RIB Software SE,17
6,google,organic,desktop,2022-10-24,1,167,RIB iTWO,RIB Software SE,17
5,google,organic,desktop,2022-10-13,1,167,RIB iTWO,RIB Software SE,17
4,google,organic,desktop,2022-10-07,1,167,RIB iTWO,RIB Software SE,17
3,google,organic,desktop,2022-09-23,1,167,RIB iTWO,RIB Software SE,17
2,google,organic,desktop,2022-09-20,1,167,RIB iTWO,RIB Software SE,17
1,bimswarm.de,referral,desktop,2023-03-21,2,29,RIB iTWO 4.0,RIB Software SE,17
6,bimswarm.de,referral,desktop,2023-02-23,1,29,RIB iTWO 4.0,RIB Software SE,17
7,jira.adesso.de,referral,desktop,2023-02-23,1,29,RIB iTWO 4.0,RIB Software SE,17
5,bimswarm.de,referral,desktop,2023-02-05,1,29,RIB iTWO 4.0,RIB Software SE,17
3,(direct),(none),desktop,2022-12-01,1,29,RIB iTWO 4.0,RIB Software SE,17
2,(direct),(none),desktop,2022-11-29,1,29,RIB iTWO 4.0,RIB Software SE,17
0,(direct),(none),desktop,2022-11-25,2,29,RIB iTWO 4.0,RIB Software SE,17
4,bimswarm.de,referral,desktop,2022-10-19,1,29,RIB iTWO 4.0,RIB Software SE,17
1,(direct),(none),desktop,2023-03-30,1,314,Betonfertigteile – Handbuch Informationslieferungen (IDM),buildingSMART Deutschland,233
0,(direct),(none),desktop,2023-03-28,1,314,Betonfertigteile – Handbuch Informationslieferungen (IDM),buildingSMART Deutschland,233
2,jira.adesso.de,referral,desktop,2023-03-21,1,314,Betonfertigteile – Handbuch Informationslieferungen (IDM),buildingSMART Deutschland,233
2,bimswarm.de,referral,desktop,2022-12-15,1,204,Allplan Bimplus,Allplan GmbH,198
1,(direct),(none),desktop,2022-12-11,1,204,Allplan Bimplus,Allplan GmbH,198
0,bimswarm.de,referral,desktop,2022-11-23,3,204,Allplan Bimplus,Allplan GmbH,198
1,(direct),(none),desktop,2023-05-16,2,203,Allplan ,Allplan GmbH,198
5,(direct),(none),desktop,2023-03-20,1,203,Allplan ,Allplan GmbH,198
4,(direct),(none),desktop,2023-03-16,1,203,Allplan ,Allplan GmbH,198
8,bimswarm.de,referral,desktop,2023-03-14,1,203,Allplan ,Allplan GmbH,198
7,bimswarm.de,referral,desktop,2023-02-20,1,203,Allplan ,Allplan GmbH,198
0,(direct),(none),desktop,2022-12-19,2,203,Allplan ,Allplan GmbH,198
3,bimswarm.de,referral,desktop,2022-11-29,2,203,Allplan ,Allplan GmbH,198
2,bimswarm.de,referral,desktop,2022-11-24,2,203,Allplan ,Allplan GmbH,198
6,bimswarm.de,referral,desktop,2022-11-23,1,203,Allplan ,Allplan GmbH,198
9,bimswarm.de,referral,mobile,2022-10-24,1,203,Allplan ,Allplan GmbH,198
1,bimswarm.de,referral,desktop,2022-09-30,1,65,BKI Kostenplaner 2021,BKI GmbH,47
0,bimswarm.de,referral,desktop,2022-09-29,1,65,BKI Kostenplaner 2021,BKI GmbH,47
1,google,organic,desktop,2023-04-26,1,5,DBD-BIM,Dr. Schiller & Partner GmbH – Dynamische BauDaten –,5
0,google,organic,desktop,2022-11-09,2,5,DBD-BIM,Dr. Schiller & Partner GmbH – Dynamische BauDaten –,5
2,bimswarm.de,referral,desktop,2022-09-30,1,6,DBD-Connect,Dr. Schiller & Partner GmbH – Dynamische BauDaten –,5
1,bimswarm.de,referral,desktop,2022-09-29,1,6,DBD-Connect,Dr. Schiller & Partner GmbH – Dynamische BauDaten –,5
0,bimswarm.de,referral,desktop,2022-09-19,1,6,DBD-Connect,Dr. Schiller & Partner GmbH – Dynamische BauDaten –,5
0,neu.bimswarm.de,referral,desktop,2023-04-18,2,308,GAMMA AR,GAMMA Technologies SARL,254
4,(direct),(none),desktop,2023-04-03,1,154,3D Laserscanning - Beratung und Dienstleistungen,Scan3D Dienstleistungsgesellschaft mbh,131
5,bimswarm.de,referral,desktop,2022-11-23,1,154,3D Laserscanning - Beratung und Dienstleistungen,Scan3D Dienstleistungsgesellschaft mbh,131
0,(direct),(none),desktop,2022-11-07,2,154,3D Laserscanning - Beratung und Dienstleistungen,Scan3D Dienstleistungsgesellschaft mbh,131
3,(direct),(none),desktop,2022-11-01,1,154,3D Laserscanning - Beratung und Dienstleistungen,Scan3D Dienstleistungsgesellschaft mbh,131
2,(direct),(none),desktop,2022-09-27,1,154,3D Laserscanning - Beratung und Dienstleistungen,Scan3D Dienstleistungsgesellschaft mbh,131
1,(direct),(none),desktop,2022-09-21,1,154,3D Laserscanning - Beratung und Dienstleistungen,Scan3D Dienstleistungsgesellschaft mbh,131
6,google,organic,desktop,2022-09-21,1,154,3D Laserscanning - Beratung und Dienstleistungen,Scan3D Dienstleistungsgesellschaft mbh,131
0,(direct),(none),desktop,2022-11-25,1,264,BIM-Qualifizierungsleitfaden NRW,MHKBG des Landes Nordrhein-Westfalen,234
1,(direct),(none),desktop,2022-12-01,1,294,BIM-Handlungsempfehlung für kommunale Bauverwaltungen in NRW,MHKBG des Landes Nordrhein-Westfalen,234
0,(direct),(none),desktop,2022-11-29,1,294,BIM-Handlungsempfehlung für kommunale Bauverwaltungen in NRW,MHKBG des Landes Nordrhein-Westfalen,234
4,google,organic,desktop,2023-04-08,1,210,ABiSPlan 3D,ABIS Softwareentwicklungs GesmbH,202
0,(direct),(none),desktop,2023-02-15,3,210,ABiSPlan 3D,ABIS Softwareentwicklungs GesmbH,202
1,(direct),(none),desktop,2022-10-13,1,210,ABiSPlan 3D,ABIS Softwareentwicklungs GesmbH,202
3,bimswarm.de,referral,desktop,2022-09-22,1,210,ABiSPlan 3D,ABIS Softwareentwicklungs GesmbH,202
2,bimswarm.de,referral,desktop,2022-09-21,1,210,ABiSPlan 3D,ABIS Softwareentwicklungs GesmbH,202
5,bimswarm.de,referral,desktop,2022-12-27,1,230,BIMcollab Cloud,BIMcollab,203
4,bimswarm.de,referral,desktop,2022-12-26,1,230,BIMcollab Cloud,BIMcollab,203
3,bimswarm.de,referral,desktop,2022-12-21,1,230,BIMcollab Cloud,BIMcollab,203
2,bimswarm.de,referral,desktop,2022-12-17,1,230,BIMcollab Cloud,BIMcollab,203
0,bimswarm.de,referral,desktop,2022-12-01,3,230,BIMcollab Cloud,BIMcollab,203
1,(direct),(none),desktop,2022-12-01,1,230,BIMcollab Cloud,BIMcollab,203
27,neu.bimswarm.de,referral,desktop,2023-04-25,1,195,ORCA AVA,ORCA Software GmbH,41
9,neu.bimswarm.de,referral,desktop,2023-04-24,2,195,ORCA AVA,ORCA Software GmbH,41
26,neu.bimswarm.de,referral,desktop,2023-04-20,1,195,ORCA AVA,ORCA Software GmbH,41
25,neu.bimswarm.de,referral,desktop,2023-04-19,1,195,ORCA AVA,ORCA Software GmbH,41
24,neu.bimswarm.de,referral,desktop,2023-04-18,1,195,ORCA AVA,ORCA Software GmbH,41
23,neu.bimswarm.de,referral,desktop,2023-04-13,1,195,ORCA AVA,ORCA Software GmbH,41
22,neu.bimswarm.de,referral,desktop,2023-04-12,1,195,ORCA AVA,ORCA Software GmbH,41
8,neu.bimswarm.de,referral,desktop,2023-04-11,2,195,ORCA AVA,ORCA Software GmbH,41
1,neu.bimswarm.de,referral,desktop,2023-04-06,3,195,ORCA AVA,ORCA Software GmbH,41
21,google,organic,desktop,2023-02-27,1,195,ORCA AVA,ORCA Software GmbH,41
7,bimswarm.de,referral,desktop,2023-02-14,2,195,ORCA AVA,ORCA Software GmbH,41
6,bimswarm.de,referral,desktop,2023-02-09,2,195,ORCA AVA,ORCA Software GmbH,41
19,bimswarm.de,referral,desktop,2023-01-27,1,195,ORCA AVA,ORCA Software GmbH,41
5,bimswarm.de,referral,desktop,2023-01-26,2,195,ORCA AVA,ORCA Software GmbH,41
18,bimswarm.de,referral,desktop,2023-01-18,1,195,ORCA AVA,ORCA Software GmbH,41
17,bimswarm.de,referral,desktop,2022-12-15,1,195,ORCA AVA,ORCA Software GmbH,41
16,bimswarm.de,referral,desktop,2022-12-12,1,195,ORCA AVA,ORCA Software GmbH,41
0,bimswarm.de,referral,desktop,2022-12-06,3,195,ORCA AVA,ORCA Software GmbH,41
15,bimswarm.de,referral,desktop,2022-11-30,1,195,ORCA AVA,ORCA Software GmbH,41
14,bimswarm.de,referral,desktop,2022-11-16,1,195,ORCA AVA,ORCA Software GmbH,41
4,bimswarm.de,referral,desktop,2022-11-15,2,195,ORCA AVA,ORCA Software GmbH,41
13,bimswarm.de,referral,desktop,2022-11-10,1,195,ORCA AVA,ORCA Software GmbH,41
3,bimswarm.de,referral,desktop,2022-10-25,2,195,ORCA AVA,ORCA Software GmbH,41
12,bimswarm.de,referral,desktop,2022-10-24,1,195,ORCA AVA,ORCA Software GmbH,41
2,bimswarm.de,referral,desktop,2022-10-14,2,195,ORCA AVA,ORCA Software GmbH,41
11,bimswarm.de,referral,desktop,2022-10-11,1,195,ORCA AVA,ORCA Software GmbH,41
10,bimswarm.de,referral,desktop,2022-10-10,1,195,ORCA AVA,ORCA Software GmbH,41
20,google,organic,desktop,2022-09-22,1,195,ORCA AVA,ORCA Software GmbH,41
0,google,organic,desktop,2022-11-18,1,207,BauButler,ambigus GmbH,200
1,(direct),(none),mobile,2022-11-10,1,237,[überbau],Metis Systems AG,220
0,(direct),(none),desktop,2022-11-08,2,237,[überbau],Metis Systems AG,220
0,google,organic,desktop,2022-11-09,2,54,MWM-Libero,MWM Software & Beratung GmbH,38
0,bimswarm.de,referral,desktop,2022-10-05,1,91,ARES Trinity of CAD Software,Gräbert GmbH,71
2,(direct),(none),desktop,2023-05-23,2,220,SPECTER,SPECTER Automation,211
6,bimswarm.de,referral,desktop,2023-05-23,1,220,SPECTER,SPECTER Automation,211
5,(direct),(none),desktop,2022-11-15,1,220,SPECTER,SPECTER Automation,211
0,(direct),(none),desktop,2022-11-04,3,220,SPECTER,SPECTER Automation,211
4,(direct),(none),desktop,2022-10-04,1,220,SPECTER,SPECTER Automation,211
1,bimswarm.de,referral,desktop,2022-09-27,3,220,SPECTER,SPECTER Automation,211
3,(direct),(none),desktop,2022-09-21,1,220,SPECTER,SPECTER Automation,211
1,(direct),(none),desktop,2023-03-01,1,171,CAFM-Software FAMOS und FAMOSweb,Keßler Real Estate Solutions GmbH,168
0,(direct),(none),desktop,2023-02-21,1,171,CAFM-Software FAMOS und FAMOSweb,Keßler Real Estate Solutions GmbH,168
0,(direct),(none),desktop,2022-12-06,2,221,BIMsystems ,BIMsystems GmbH,210
1,bimswarm.de,referral,desktop,2023-05-24,2,233,Autodesk Revit (AEC Collection) ,Artaker CAD Systems,217
2,(direct),(none),desktop,2023-02-20,1,233,Autodesk Revit (AEC Collection) ,Artaker CAD Systems,217
6,bimswarm.de,referral,desktop,2022-11-28,1,233,Autodesk Revit (AEC Collection) ,Artaker CAD Systems,217
5,bimswarm.de,referral,desktop,2022-11-15,1,233,Autodesk Revit (AEC Collection) ,Artaker CAD Systems,217
0,(direct),(none),desktop,2022-11-09,2,233,Autodesk Revit (AEC Collection) ,Artaker CAD Systems,217
4,bimswarm.de,referral,desktop,2022-09-20,1,233,Autodesk Revit (AEC Collection) ,Artaker CAD Systems,217
3,bimswarm.de,referral,desktop,2022-09-19,1,233,Autodesk Revit (AEC Collection) ,Artaker CAD Systems,217
29,neu.bimswarm.de,referral,desktop,2023-04-25,1,19,Mensch und Maschine BIM Booster,Mensch und Maschine Deutschland GmbH,13
9,neu.bimswarm.de,referral,desktop,2023-04-24,2,19,Mensch und Maschine BIM Booster,Mensch und Maschine Deutschland GmbH,13
28,neu.bimswarm.de,referral,desktop,2023-04-20,1,19,Mensch und Maschine BIM Booster,Mensch und Maschine Deutschland GmbH,13
27,neu.bimswarm.de,referral,desktop,2023-04-19,1,19,Mensch und Maschine BIM Booster,Mensch und Maschine Deutschland GmbH,13
26,neu.bimswarm.de,referral,desktop,2023-04-18,1,19,Mensch und Maschine BIM Booster,Mensch und Maschine Deutschland GmbH,13
25,neu.bimswarm.de,referral,desktop,2023-04-13,1,19,Mensch und Maschine BIM Booster,Mensch und Maschine Deutschland GmbH,13
24,neu.bimswarm.de,referral,desktop,2023-04-12,1,19,Mensch und Maschine BIM Booster,Mensch und Maschine Deutschland GmbH,13
8,neu.bimswarm.de,referral,desktop,2023-04-11,2,19,Mensch und Maschine BIM Booster,Mensch und Maschine Deutschland GmbH,13
1,neu.bimswarm.de,referral,desktop,2023-04-06,3,19,Mensch und Maschine BIM Booster,Mensch und Maschine Deutschland GmbH,13
23,google,organic,desktop,2023-02-27,1,19,Mensch und Maschine BIM Booster,Mensch und Maschine Deutschland GmbH,13
11,(direct),(none),desktop,2023-02-21,1,19,Mensch und Maschine BIM Booster,Mensch und Maschine Deutschland GmbH,13
7,bimswarm.de,referral,desktop,2023-02-14,2,19,Mensch und Maschine BIM Booster,Mensch und Maschine Deutschland GmbH,13
6,bimswarm.de,referral,desktop,2023-02-09,2,19,Mensch und Maschine BIM Booster,Mensch und Maschine Deutschland GmbH,13
21,bimswarm.de,referral,desktop,2023-01-27,1,19,Mensch und Maschine BIM Booster,Mensch und Maschine Deutschland GmbH,13
5,bimswarm.de,referral,desktop,2023-01-26,2,19,Mensch und Maschine BIM Booster,Mensch und Maschine Deutschland GmbH,13
20,bimswarm.de,referral,desktop,2023-01-18,1,19,Mensch und Maschine BIM Booster,Mensch und Maschine Deutschland GmbH,13
19,bimswarm.de,referral,desktop,2022-12-15,1,19,Mensch und Maschine BIM Booster,Mensch und Maschine Deutschland GmbH,13
18,bimswarm.de,referral,desktop,2022-12-12,1,19,Mensch und Maschine BIM Booster,Mensch und Maschine Deutschland GmbH,13
0,bimswarm.de,referral,desktop,2022-12-06,3,19,Mensch und Maschine BIM Booster,Mensch und Maschine Deutschland GmbH,13
17,bimswarm.de,referral,desktop,2022-11-30,1,19,Mensch und Maschine BIM Booster,Mensch und Maschine Deutschland GmbH,13
10,(direct),(none),desktop,2022-11-29,1,19,Mensch und Maschine BIM Booster,Mensch und Maschine Deutschland GmbH,13
16,bimswarm.de,referral,desktop,2022-11-16,1,19,Mensch und Maschine BIM Booster,Mensch und Maschine Deutschland GmbH,13
4,bimswarm.de,referral,desktop,2022-11-15,2,19,Mensch und Maschine BIM Booster,Mensch und Maschine Deutschland GmbH,13
15,bimswarm.de,referral,desktop,2022-11-10,1,19,Mensch und Maschine BIM Booster,Mensch und Maschine Deutschland GmbH,13
3,bimswarm.de,referral,desktop,2022-10-25,2,19,Mensch und Maschine BIM Booster,Mensch und Maschine Deutschland GmbH,13
14,bimswarm.de,referral,desktop,2022-10-24,1,19,Mensch und Maschine BIM Booster,Mensch und Maschine Deutschland GmbH,13
2,bimswarm.de,referral,desktop,2022-10-14,2,19,Mensch und Maschine BIM Booster,Mensch und Maschine Deutschland GmbH,13
13,bimswarm.de,referral,desktop,2022-10-11,1,19,Mensch und Maschine BIM Booster,Mensch und Maschine Deutschland GmbH,13
12,bimswarm.de,referral,desktop,2022-10-10,1,19,Mensch und Maschine BIM Booster,Mensch und Maschine Deutschland GmbH,13
22,google,organic,desktop,2022-09-22,1,19,Mensch und Maschine BIM Booster,Mensch und Maschine Deutschland GmbH,13
0,bimswarm.de,referral,desktop,2023-03-28,1,277,BIM-Leitfaden für den Mittelstand,"Bundesinstitut für Bau-, Stadt- und Raumforschung (BBSR)",237
1,linkedin.com,referral,desktop,2023-01-28,1,277,BIM-Leitfaden für den Mittelstand,"Bundesinstitut für Bau-, Stadt- und Raumforschung (BBSR)",237
0,neu.bimswarm.de,referral,desktop,2023-04-24,2,323,ÖKOBAUDAT,"Bundesinstitut für Bau-, Stadt- und Raumforschung (BBSR)",237
1,(direct),(none),desktop,2023-02-21,1,198,California.pro,G&W Software AG,189
0,(direct),(none),desktop,2022-11-29,1,198,California.pro,G&W Software AG,189
0,(direct),(none),desktop,2023-06-09,4,241,Planersoftware 3.0 ,GEALAN Fenster-Systeme GmbH,223
1,(direct),(none),desktop,2023-06-08,2,241,Planersoftware 3.0 ,GEALAN Fenster-Systeme GmbH,223
0,bimswarm.de,referral,mobile,2022-11-07,1,250,BECHMANN AVA,BECHMANN GmbH,228
0,bimswarm.de,referral,desktop,2022-10-17,2,242,buildagil,B3 digital AG,224
1,bimswarm.de,referral,desktop,2022-10-16,1,242,buildagil,B3 digital AG,224
0,google,organic,desktop,2022-09-30,1,267,Steckbriefe der Anwendungsfälle,BIM Deutschland,236
2,bimswarm.de,referral,desktop,2022-10-28,1,269,Datenmanagement,BIM Deutschland,236
1,bimswarm.de,referral,desktop,2022-10-27,1,269,Datenmanagement,BIM Deutschland,236
0,bimswarm.de,referral,desktop,2022-10-26,1,269,Datenmanagement,BIM Deutschland,236
0,(direct),(none),mobile,2022-11-12,1,272,Auftraggeber-Informationsanforderungen (AIA),BIM Deutschland,236
0,bimswarm.de,referral,desktop,2022-09-28,1,268,BIM-Abwicklungsplan (BAP),BIM Deutschland,236
61,digital-bau.com,referral,desktop,2023-06-08,1,1,Craftnote - die Handwerker App,myCraftnote Digital GmbH,3
6,bimswarm.de,referral,desktop,2023-06-06,3,1,Craftnote - die Handwerker App,myCraftnote Digital GmbH,3
74,google,organic,desktop,2023-04-28,1,1,Craftnote - die Handwerker App,myCraftnote Digital GmbH,3
81,neu.bimswarm.de,referral,desktop,2023-04-25,1,1,Craftnote - die Handwerker App,myCraftnote Digital GmbH,3
24,neu.bimswarm.de,referral,desktop,2023-04-24,2,1,Craftnote - die Handwerker App,myCraftnote Digital GmbH,3
80,neu.bimswarm.de,referral,desktop,2023-04-20,1,1,Craftnote - die Handwerker App,myCraftnote Digital GmbH,3
79,neu.bimswarm.de,referral,desktop,2023-04-19,1,1,Craftnote - die Handwerker App,myCraftnote Digital GmbH,3
60,bimswarm.de,referral,mobile,2023-04-19,1,1,Craftnote - die Handwerker App,myCraftnote Digital GmbH,3
78,neu.bimswarm.de,referral,desktop,2023-04-18,1,1,Craftnote - die Handwerker App,myCraftnote Digital GmbH,3
77,neu.bimswarm.de,referral,desktop,2023-04-13,1,1,Craftnote - die Handwerker App,myCraftnote Digital GmbH,3
76,neu.bimswarm.de,referral,desktop,2023-04-12,1,1,Craftnote - die Handwerker App,myCraftnote Digital GmbH,3
23,neu.bimswarm.de,referral,desktop,2023-04-11,2,1,Craftnote - die Handwerker App,myCraftnote Digital GmbH,3
59,bimswarm.de,referral,desktop,2023-04-06,1,1,Craftnote - die Handwerker App,myCraftnote Digital GmbH,3
3,neu.bimswarm.de,referral,desktop,2023-04-06,4,1,Craftnote - die Handwerker App,myCraftnote Digital GmbH,3
40,(direct),(none),desktop,2023-04-03,1,1,Craftnote - die Handwerker App,myCraftnote Digital GmbH,3
42,(direct),(none),mobile,2023-03-31,1,1,Craftnote - die Handwerker App,myCraftnote Digital GmbH,3
22,google,organic,desktop,2023-03-20,2,1,Craftnote - die Handwerker App,myCraftnote Digital GmbH,3
41,(direct),(none),mobile,2023-03-20,1,1,Craftnote - die Handwerker App,myCraftnote Digital GmbH,3
58,bimswarm.de,referral,desktop,2023-03-16,1,1,Craftnote - die Handwerker App,myCraftnote Digital GmbH,3
39,(direct),(none),desktop,2023-03-15,1,1,Craftnote - die Handwerker App,myCraftnote Digital GmbH,3
10,(direct),(none),desktop,2023-03-14,2,1,Craftnote - die Handwerker App,myCraftnote Digital GmbH,3
73,google,organic,desktop,2023-03-09,1,1,Craftnote - die Handwerker App,myCraftnote Digital GmbH,3
72,google,organic,desktop,2023-03-08,1,1,Craftnote - die Handwerker App,myCraftnote Digital GmbH,3
38,(direct),(none),desktop,2023-03-07,1,1,Craftnote - die Handwerker App,myCraftnote Digital GmbH,3
37,(direct),(none),desktop,2023-03-01,1,1,Craftnote - die Handwerker App,myCraftnote Digital GmbH,3
19,bimswarm.de,referral,desktop,2023-03-01,2,1,Craftnote - die Handwerker App,myCraftnote Digital GmbH,3
71,google,organic,desktop,2023-02-27,1,1,Craftnote - die Handwerker App,myCraftnote Digital GmbH,3
18,bimswarm.de,referral,desktop,2023-02-22,2,1,Craftnote - die Handwerker App,myCraftnote Digital GmbH,3
9,(direct),(none),desktop,2023-02-21,2,1,Craftnote - die Handwerker App,myCraftnote Digital GmbH,3
57,bimswarm.de,referral,desktop,2023-02-18,1,1,Craftnote - die Handwerker App,myCraftnote Digital GmbH,3
17,bimswarm.de,referral,desktop,2023-02-16,2,1,Craftnote - die Handwerker App,myCraftnote Digital GmbH,3
16,bimswarm.de,referral,desktop,2023-02-14,2,1,Craftnote - die Handwerker App,myCraftnote Digital GmbH,3
75,jira.adesso.de,referral,desktop,2023-02-10,1,1,Craftnote - die Handwerker App,myCraftnote Digital GmbH,3
15,bimswarm.de,referral,desktop,2023-02-09,2,1,Craftnote - die Handwerker App,myCraftnote Digital GmbH,3
56,bimswarm.de,referral,desktop,2023-01-27,1,1,Craftnote - die Handwerker App,myCraftnote Digital GmbH,3
14,bimswarm.de,referral,desktop,2023-01-26,2,1,Craftnote - die Handwerker App,myCraftnote Digital GmbH,3
36,(direct),(none),desktop,2023-01-23,1,1,Craftnote - die Handwerker App,myCraftnote Digital GmbH,3
8,(direct),(none),desktop,2023-01-20,2,1,Craftnote - die Handwerker App,myCraftnote Digital GmbH,3
35,(direct),(none),desktop,2023-01-19,1,1,Craftnote - die Handwerker App,myCraftnote Digital GmbH,3
55,bimswarm.de,referral,desktop,2023-01-18,1,1,Craftnote - die Handwerker App,myCraftnote Digital GmbH,3
34,(direct),(none),desktop,2023-01-13,1,1,Craftnote - die Handwerker App,myCraftnote Digital GmbH,3
70,google,organic,desktop,2023-01-06,1,1,Craftnote - die Handwerker App,myCraftnote Digital GmbH,3
54,bimswarm.de,referral,desktop,2023-01-05,1,1,Craftnote - die Handwerker App,myCraftnote Digital GmbH,3
53,bimswarm.de,referral,desktop,2023-01-04,1,1,Craftnote - die Handwerker App,myCraftnote Digital GmbH,3
33,(direct),(none),desktop,2023-01-03,1,1,Craftnote - die Handwerker App,myCraftnote Digital GmbH,3
52,bimswarm.de,referral,desktop,2022-12-15,1,1,Craftnote - die Handwerker App,myCraftnote Digital GmbH,3
51,bimswarm.de,referral,desktop,2022-12-12,1,1,Craftnote - die Handwerker App,myCraftnote Digital GmbH,3
32,(direct),(none),desktop,2022-12-09,1,1,Craftnote - die Handwerker App,myCraftnote Digital GmbH,3
50,bimswarm.de,referral,desktop,2022-12-08,1,1,Craftnote - die Handwerker App,myCraftnote Digital GmbH,3
2,bimswarm.de,referral,desktop,2022-12-06,4,1,Craftnote - die Handwerker App,myCraftnote Digital GmbH,3
31,(direct),(none),desktop,2022-12-01,1,1,Craftnote - die Handwerker App,myCraftnote Digital GmbH,3
5,bimswarm.de,referral,desktop,2022-11-30,3,1,Craftnote - die Handwerker App,myCraftnote Digital GmbH,3
21,google,organic,desktop,2022-11-29,2,1,Craftnote - die Handwerker App,myCraftnote Digital GmbH,3
30,(direct),(none),desktop,2022-11-29,1,1,Craftnote - die Handwerker App,myCraftnote Digital GmbH,3
49,bimswarm.de,referral,desktop,2022-11-23,1,1,Craftnote - die Handwerker App,myCraftnote Digital GmbH,3
69,google,organic,desktop,2022-11-22,1,1,Craftnote - die Handwerker App,myCraftnote Digital GmbH,3
48,bimswarm.de,referral,desktop,2022-11-18,1,1,Craftnote - die Handwerker App,myCraftnote Digital GmbH,3
47,bimswarm.de,referral,desktop,2022-11-16,1,1,Craftnote - die Handwerker App,myCraftnote Digital GmbH,3
68,google,organic,desktop,2022-11-16,1,1,Craftnote - die Handwerker App,myCraftnote Digital GmbH,3
13,bimswarm.de,referral,desktop,2022-11-15,2,1,Craftnote - die Handwerker App,myCraftnote Digital GmbH,3
46,bimswarm.de,referral,desktop,2022-11-14,1,1,Craftnote - die Handwerker App,myCraftnote Digital GmbH,3
45,bimswarm.de,referral,desktop,2022-11-10,1,1,Craftnote - die Handwerker App,myCraftnote Digital GmbH,3
4,(direct),(none),desktop,2022-11-07,3,1,Craftnote - die Handwerker App,myCraftnote Digital GmbH,3
29,(direct),(none),desktop,2022-11-01,1,1,Craftnote - die Handwerker App,myCraftnote Digital GmbH,3
28,(direct),(none),desktop,2022-10-29,1,1,Craftnote - die Handwerker App,myCraftnote Digital GmbH,3
0,bimswarm.de,referral,desktop,2022-10-25,5,1,Craftnote - die Handwerker App,myCraftnote Digital GmbH,3
12,bimswarm.de,referral,desktop,2022-10-24,2,1,Craftnote - die Handwerker App,myCraftnote Digital GmbH,3
20,google,organic,desktop,2022-10-24,2,1,Craftnote - die Handwerker App,myCraftnote Digital GmbH,3
7,(direct),(none),desktop,2022-10-17,2,1,Craftnote - die Handwerker App,myCraftnote Digital GmbH,3
11,bimswarm.de,referral,desktop,2022-10-14,2,1,Craftnote - die Handwerker App,myCraftnote Digital GmbH,3
27,(direct),(none),desktop,2022-10-14,1,1,Craftnote - die Handwerker App,myCraftnote Digital GmbH,3
67,google,organic,desktop,2022-10-13,1,1,Craftnote - die Handwerker App,myCraftnote Digital GmbH,3
26,(direct),(none),desktop,2022-10-13,1,1,Craftnote - die Handwerker App,myCraftnote Digital GmbH,3
44,bimswarm.de,referral,desktop,2022-10-11,1,1,Craftnote - die Handwerker App,myCraftnote Digital GmbH,3
43,bimswarm.de,referral,desktop,2022-10-10,1,1,Craftnote - die Handwerker App,myCraftnote Digital GmbH,3
66,google,organic,desktop,2022-10-07,1,1,Craftnote - die Handwerker App,myCraftnote Digital GmbH,3
1,(direct),(none),desktop,2022-09-27,4,1,Craftnote - die Handwerker App,myCraftnote Digital GmbH,3
65,google,organic,desktop,2022-09-23,1,1,Craftnote - die Handwerker App,myCraftnote Digital GmbH,3
64,google,organic,desktop,2022-09-22,1,1,Craftnote - die Handwerker App,myCraftnote Digital GmbH,3
63,google,organic,desktop,2022-09-21,1,1,Craftnote - die Handwerker App,myCraftnote Digital GmbH,3
25,(direct),(none),desktop,2022-09-21,1,1,Craftnote - die Handwerker App,myCraftnote Digital GmbH,3
62,google,organic,desktop,2022-09-20,1,1,Craftnote - die Handwerker App,myCraftnote Digital GmbH,3
7,google,organic,desktop,2023-04-24,1,279,BIM-Strategie Implementierung von BIM,DB AG Digitales Planen und Bauen von Infrastrukturprojekten,239
3,(direct),(none),desktop,2023-03-10,1,279,BIM-Strategie Implementierung von BIM,DB AG Digitales Planen und Bauen von Infrastrukturprojekten,239
6,google,organic,desktop,2023-02-28,1,279,BIM-Strategie Implementierung von BIM,DB AG Digitales Planen und Bauen von Infrastrukturprojekten,239
8,planen-bauen40.de,referral,desktop,2023-01-05,1,279,BIM-Strategie Implementierung von BIM,DB AG Digitales Planen und Bauen von Infrastrukturprojekten,239
2,(direct),(none),desktop,2022-11-22,1,279,BIM-Strategie Implementierung von BIM,DB AG Digitales Planen und Bauen von Infrastrukturprojekten,239
1,(direct),(none),desktop,2022-11-08,1,279,BIM-Strategie Implementierung von BIM,DB AG Digitales Planen und Bauen von Infrastrukturprojekten,239
5,bimswarm.de,referral,desktop,2022-11-08,1,279,BIM-Strategie Implementierung von BIM,DB AG Digitales Planen und Bauen von Infrastrukturprojekten,239
0,(direct),(none),desktop,2022-10-28,1,279,BIM-Strategie Implementierung von BIM,DB AG Digitales Planen und Bauen von Infrastrukturprojekten,239
4,bimswarm.de,referral,desktop,2022-10-28,1,279,BIM-Strategie Implementierung von BIM,DB AG Digitales Planen und Bauen von Infrastrukturprojekten,239
12,google,organic,desktop,2023-03-20,1,16,GRAVA,SOFTTECH GmbH,11
11,google,organic,desktop,2023-03-09,1,16,GRAVA,SOFTTECH GmbH,11
10,google,organic,desktop,2023-03-08,1,16,GRAVA,SOFTTECH GmbH,11
9,google,organic,desktop,2023-01-06,1,16,GRAVA,SOFTTECH GmbH,11
0,google,organic,desktop,2022-11-29,2,16,GRAVA,SOFTTECH GmbH,11
8,google,organic,desktop,2022-11-22,1,16,GRAVA,SOFTTECH GmbH,11
2,(direct),(none),desktop,2022-11-07,1,16,GRAVA,SOFTTECH GmbH,11
1,(direct),(none),desktop,2022-10-29,1,16,GRAVA,SOFTTECH GmbH,11
7,google,organic,desktop,2022-10-24,1,16,GRAVA,SOFTTECH GmbH,11
6,google,organic,desktop,2022-10-13,1,16,GRAVA,SOFTTECH GmbH,11
5,google,organic,desktop,2022-10-07,1,16,GRAVA,SOFTTECH GmbH,11
4,google,organic,desktop,2022-09-23,1,16,GRAVA,SOFTTECH GmbH,11
3,google,organic,desktop,2022-09-20,1,16,GRAVA,SOFTTECH GmbH,11
0,(direct),(none),desktop,2022-12-01,1,18,scaffmax,SOFTTECH GmbH,11
0,neu.bimswarm.de,referral,desktop,2023-04-06,3,15,AVANTI,SOFTTECH GmbH,11
6,(direct),(none),desktop,2023-04-03,1,15,AVANTI,SOFTTECH GmbH,11
2,bimswarm.de,referral,desktop,2023-03-01,2,15,AVANTI,SOFTTECH GmbH,11
8,bimswarm.de,referral,desktop,2022-11-23,1,15,AVANTI,SOFTTECH GmbH,11
7,bimswarm.de,referral,desktop,2022-11-14,1,15,AVANTI,SOFTTECH GmbH,11
1,(direct),(none),desktop,2022-11-07,2,15,AVANTI,SOFTTECH GmbH,11
5,(direct),(none),desktop,2022-11-01,1,15,AVANTI,SOFTTECH GmbH,11
4,(direct),(none),desktop,2022-09-27,1,15,AVANTI,SOFTTECH GmbH,11
3,(direct),(none),desktop,2022-09-21,1,15,AVANTI,SOFTTECH GmbH,11
9,google,organic,desktop,2022-09-21,1,15,AVANTI,SOFTTECH GmbH,11
1,(direct),(none),desktop,2023-03-01,1,17,SPIRIT,SOFTTECH GmbH,11
0,(direct),(none),desktop,2023-02-21,1,17,SPIRIT,SOFTTECH GmbH,11
1,bimswarm.de,referral,desktop,2022-10-31,1,280,big® - building information grid,Kaulquappe AG,240
0,(direct),(none),desktop,2022-10-17,1,280,big® - building information grid,Kaulquappe AG,240
4,google,organic,desktop,2023-04-08,1,21,eTASK.FM-Portal-2020-02-03 12:49:59.816,eTASK Immobilien Software GmbH,14
0,(direct),(none),desktop,2023-02-15,3,21,eTASK.FM-Portal-2020-02-03 12:49:59.816,eTASK Immobilien Software GmbH,14
1,(direct),(none),desktop,2022-10-13,1,21,eTASK.FM-Portal-2020-02-03 12:49:59.816,eTASK Immobilien Software GmbH,14
3,bimswarm.de,referral,desktop,2022-09-22,1,21,eTASK.FM-Portal-2020-02-03 12:49:59.816,eTASK Immobilien Software GmbH,14
2,bimswarm.de,referral,desktop,2022-09-21,1,21,eTASK.FM-Portal-2020-02-03 12:49:59.816,eTASK Immobilien Software GmbH,14
3,(direct),(none),desktop,2023-05-23,2,22,Hund-2020-02-03 11:14:58.247,eTASK Immobilien Software GmbH,14
7,bimswarm.de,referral,desktop,2023-05-23,1,22,Hund-2020-02-03 11:14:58.247,eTASK Immobilien Software GmbH,14
2,(direct),(none),desktop,2022-12-06,2,22,Hund-2020-02-03 11:14:58.247,eTASK Immobilien Software GmbH,14
6,(direct),(none),desktop,2022-11-15,1,22,Hund-2020-02-03 11:14:58.247,eTASK Immobilien Software GmbH,14
0,(direct),(none),desktop,2022-11-04,3,22,Hund-2020-02-03 11:14:58.247,eTASK Immobilien Software GmbH,14
5,(direct),(none),desktop,2022-10-04,1,22,Hund-2020-02-03 11:14:58.247,eTASK Immobilien Software GmbH,14
1,bimswarm.de,referral,desktop,2022-09-27,3,22,Hund-2020-02-03 11:14:58.247,eTASK Immobilien Software GmbH,14
4,(direct),(none),desktop,2022-09-21,1,22,Hund-2020-02-03 11:14:58.247,eTASK Immobilien Software GmbH,14
2,(direct),(none),desktop,2023-05-16,2,20,Service-Ticket-2020-02-03 11:17:27.532,eTASK Immobilien Software GmbH,14
11,(direct),(none),desktop,2023-03-29,1,20,Service-Ticket-2020-02-03 11:17:27.532,eTASK Immobilien Software GmbH,14
10,(direct),(none),desktop,2023-03-20,1,20,Service-Ticket-2020-02-03 11:17:27.532,eTASK Immobilien Software GmbH,14
13,5lcue.r.a.d.sendibm1.com,referral,desktop,2023-03-17,1,20,Service-Ticket-2020-02-03 11:17:27.532,eTASK Immobilien Software GmbH,14
9,(direct),(none),desktop,2023-03-16,1,20,Service-Ticket-2020-02-03 11:17:27.532,eTASK Immobilien Software GmbH,14
5,google,organic,desktop,2023-03-16,2,20,Service-Ticket-2020-02-03 11:17:27.532,eTASK Immobilien Software GmbH,14
20,bimswarm.de,referral,desktop,2023-03-14,1,20,Service-Ticket-2020-02-03 11:17:27.532,eTASK Immobilien Software GmbH,14
19,bimswarm.de,referral,desktop,2023-02-20,1,20,Service-Ticket-2020-02-03 11:17:27.532,eTASK Immobilien Software GmbH,14
23,startconsult.everythink.co,referral,desktop,2023-01-31,1,20,Service-Ticket-2020-02-03 11:17:27.532,eTASK Immobilien Software GmbH,14
12,5lcue.r.a.d.sendibm1.com,referral,desktop,2023-01-02,1,20,Service-Ticket-2020-02-03 11:17:27.532,eTASK Immobilien Software GmbH,14
15,5lcue.r.bh.d.sendibt3.com,referral,desktop,2022-12-22,1,20,Service-Ticket-2020-02-03 11:17:27.532,eTASK Immobilien Software GmbH,14
14,5lcue.r.bh.d.sendibt3.com,referral,desktop,2022-12-20,1,20,Service-Ticket-2020-02-03 11:17:27.532,eTASK Immobilien Software GmbH,14
1,(direct),(none),desktop,2022-12-19,2,20,Service-Ticket-2020-02-03 11:17:27.532,eTASK Immobilien Software GmbH,14
18,bimswarm.de,referral,desktop,2022-12-15,1,20,Service-Ticket-2020-02-03 11:17:27.532,eTASK Immobilien Software GmbH,14
8,(direct),(none),desktop,2022-12-14,1,20,Service-Ticket-2020-02-03 11:17:27.532,eTASK Immobilien Software GmbH,14
7,(direct),(none),desktop,2022-12-11,1,20,Service-Ticket-2020-02-03 11:17:27.532,eTASK Immobilien Software GmbH,14
4,bimswarm.de,referral,desktop,2022-11-29,2,20,Service-Ticket-2020-02-03 11:17:27.532,eTASK Immobilien Software GmbH,14
3,bimswarm.de,referral,desktop,2022-11-24,2,20,Service-Ticket-2020-02-03 11:17:27.532,eTASK Immobilien Software GmbH,14
0,bimswarm.de,referral,desktop,2022-11-23,4,20,Service-Ticket-2020-02-03 11:17:27.532,eTASK Immobilien Software GmbH,14
17,bimswarm.de,referral,desktop,2022-11-22,1,20,Service-Ticket-2020-02-03 11:17:27.532,eTASK Immobilien Software GmbH,14
16,bimswarm.de,referral,desktop,2022-11-21,1,20,Service-Ticket-2020-02-03 11:17:27.532,eTASK Immobilien Software GmbH,14
22,google,organic,desktop,2022-11-18,1,20,Service-Ticket-2020-02-03 11:17:27.532,eTASK Immobilien Software GmbH,14
21,bimswarm.de,referral,mobile,2022-10-24,1,20,Service-Ticket-2020-02-03 11:17:27.532,eTASK Immobilien Software GmbH,14
6,(direct),(none),desktop,2022-09-27,1,20,Service-Ticket-2020-02-03 11:17:27.532,eTASK Immobilien Software GmbH,14
0,(direct),(none),desktop,2023-06-09,4,24,Suite eTASK.Betreiberverantwortung,eTASK Immobilien Software GmbH,14
1,(direct),(none),desktop,2023-06-08,2,24,Suite eTASK.Betreiberverantwortung,eTASK Immobilien Software GmbH,14
2,bimswarm.de,referral,desktop,2022-10-17,2,24,Suite eTASK.Betreiberverantwortung,eTASK Immobilien Software GmbH,14
3,bimswarm.de,referral,desktop,2022-10-16,1,24,Suite eTASK.Betreiberverantwortung,eTASK Immobilien Software GmbH,14
3,bimswarm.de,referral,desktop,2023-05-24,2,23,eTASK.Service-Ticket,eTASK Immobilien Software GmbH,14
5,(direct),(none),desktop,2023-02-20,1,23,eTASK.Service-Ticket,eTASK Immobilien Software GmbH,14
14,bimswarm.de,referral,desktop,2022-12-27,1,23,eTASK.Service-Ticket,eTASK Immobilien Software GmbH,14
13,bimswarm.de,referral,desktop,2022-12-26,1,23,eTASK.Service-Ticket,eTASK Immobilien Software GmbH,14
12,bimswarm.de,referral,desktop,2022-12-21,1,23,eTASK.Service-Ticket,eTASK Immobilien Software GmbH,14
11,bimswarm.de,referral,desktop,2022-12-17,1,23,eTASK.Service-Ticket,eTASK Immobilien Software GmbH,14
0,bimswarm.de,referral,desktop,2022-12-01,3,23,eTASK.Service-Ticket,eTASK Immobilien Software GmbH,14
4,(direct),(none),desktop,2022-12-01,1,23,eTASK.Service-Ticket,eTASK Immobilien Software GmbH,14
10,bimswarm.de,referral,desktop,2022-11-28,1,23,eTASK.Service-Ticket,eTASK Immobilien Software GmbH,14
9,bimswarm.de,referral,desktop,2022-11-15,1,23,eTASK.Service-Ticket,eTASK Immobilien Software GmbH,14
6,(direct),(none),mobile,2022-11-10,1,23,eTASK.Service-Ticket,eTASK Immobilien Software GmbH,14
2,(direct),(none),desktop,2022-11-09,2,23,eTASK.Service-Ticket,eTASK Immobilien Software GmbH,14
1,(direct),(none),desktop,2022-11-08,2,23,eTASK.Service-Ticket,eTASK Immobilien Software GmbH,14
8,bimswarm.de,referral,desktop,2022-09-20,1,23,eTASK.Service-Ticket,eTASK Immobilien Software GmbH,14
7,bimswarm.de,referral,desktop,2022-09-19,1,23,eTASK.Service-Ticket,eTASK Immobilien Software GmbH,14
11,digital-bau.com,referral,desktop,2023-06-08,1,143,1. Sie fliegen 2. Wir fliegen,Airteam Aerial Intelligence GmbH,120
10,bimswarm.de,referral,mobile,2023-04-19,1,143,1. Sie fliegen 2. Wir fliegen,Airteam Aerial Intelligence GmbH,120
8,(direct),(none),mobile,2023-03-31,1,143,1. Sie fliegen 2. Wir fliegen,Airteam Aerial Intelligence GmbH,120
7,(direct),(none),mobile,2023-03-20,1,143,1. Sie fliegen 2. Wir fliegen,Airteam Aerial Intelligence GmbH,120
9,bimswarm.de,referral,desktop,2023-02-18,1,143,1. Sie fliegen 2. Wir fliegen,Airteam Aerial Intelligence GmbH,120
12,jira.adesso.de,referral,desktop,2023-02-10,1,143,1. Sie fliegen 2. Wir fliegen,Airteam Aerial Intelligence GmbH,120
6,(direct),(none),desktop,2023-01-20,1,143,1. Sie fliegen 2. Wir fliegen,Airteam Aerial Intelligence GmbH,120
5,(direct),(none),desktop,2023-01-13,1,143,1. Sie fliegen 2. Wir fliegen,Airteam Aerial Intelligence GmbH,120
1,bimswarm.de,referral,desktop,2022-10-25,3,143,1. Sie fliegen 2. Wir fliegen,Airteam Aerial Intelligence GmbH,120
2,(direct),(none),desktop,2022-10-17,2,143,1. Sie fliegen 2. Wir fliegen,Airteam Aerial Intelligence GmbH,120
4,(direct),(none),desktop,2022-10-14,1,143,1. Sie fliegen 2. Wir fliegen,Airteam Aerial Intelligence GmbH,120
3,(direct),(none),desktop,2022-10-13,1,143,1. Sie fliegen 2. Wir fliegen,Airteam Aerial Intelligence GmbH,120
0,(direct),(none),desktop,2022-09-27,4,143,1. Sie fliegen 2. Wir fliegen,Airteam Aerial Intelligence GmbH,120
2,(direct),(none),mobile,2023-05-09,1,28,DESITE MD,thinkproject,16
4,bimswarm.de,referral,desktop,2023-04-03,1,28,DESITE MD,thinkproject,16
7,google,organic,desktop,2023-01-19,1,28,DESITE MD,thinkproject,16
6,google,organic,desktop,2022-12-17,1,28,DESITE MD,thinkproject,16
1,(direct),(none),desktop,2022-11-25,1,28,DESITE MD,thinkproject,16
3,bimswarm.de,referral,desktop,2022-10-31,1,28,DESITE MD,thinkproject,16
0,(direct),(none),desktop,2022-10-17,1,28,DESITE MD,thinkproject,16
5,bimswarm.de,referral,mobile,2022-09-19,1,28,DESITE MD,thinkproject,16
1,(direct),(none),desktop,2023-03-15,1,130,ELITECAD ARCHITEKTUR,XEOMETRIC GmbH,104
0,(direct),(none),desktop,2023-03-07,1,130,ELITECAD ARCHITEKTUR,XEOMETRIC GmbH,104
0,google,organic,desktop,2023-04-26,1,53,NEVARIS Build,NEVARIS Bausoftware GmbH,37
1,(direct),(none),desktop,2023-03-15,1,13,Oracle Aconex,Oracle Global Services Germany GmbH,9
0,(direct),(none),desktop,2023-03-07,1,13,Oracle Aconex,Oracle Global Services Germany GmbH,9
0,bimswarm.de,referral,desktop,2023-04-11,1,255,Oracle IoT Platform,Oracle Global Services Germany GmbH,9
0,linkedin.com,referral,desktop,2023-03-14,1,35,Cosuno,Cosuno Ventures GmbH,21
1,google,organic,desktop,2023-01-19,1,282,TrackPlanner,NEAT s.r.l.,241
0,google,organic,desktop,2022-12-17,1,282,TrackPlanner,NEAT s.r.l.,241
6,neu.bimswarm.de,referral,desktop,2023-04-20,1,30,BIMWORX.net,BIMWORX GmbH,18
5,neu.bimswarm.de,referral,desktop,2023-04-19,2,30,BIMWORX.net,BIMWORX GmbH,18
4,neu.bimswarm.de,referral,desktop,2023-04-18,2,30,BIMWORX.net,BIMWORX GmbH,18
2,bimswarm.de,referral,desktop,2023-04-03,2,30,BIMWORX.net,BIMWORX GmbH,18
1,(direct),(none),desktop,2023-03-30,5,30,BIMWORX.net,BIMWORX GmbH,18
0,(direct),(none),desktop,2023-03-28,8,30,BIMWORX.net,BIMWORX GmbH,18
3,jira.adesso.de,referral,desktop,2023-02-24,2,30,BIMWORX.net,BIMWORX GmbH,18
2,bimswarm.de,referral,desktop,2023-03-16,1,147,klarxMANAGER,klarx,124
1,bimswarm.de,referral,desktop,2023-02-22,2,147,klarxMANAGER,klarx,124
0,bimswarm.de,referral,desktop,2023-02-16,2,147,klarxMANAGER,klarx,124
0,bimswarm.de,referral,desktop,2023-01-10,1,73,Archibus ,ARCHIBUS Solution Centers Germany,57
0,bimswarm.de,referral,desktop,2023-06-09,1,70,Allthings Plattform,Allthings Technologies AG,55
2,(direct),(none),desktop,2023-06-07,1,84,DBS WinDo Planning,Digital Building Solutions GmbH,64
1,(direct),(none),desktop,2023-06-05,2,84,DBS WinDo Planning,Digital Building Solutions GmbH,64
0,(direct),(none),desktop,2023-05-23,2,84,DBS WinDo Planning,Digital Building Solutions GmbH,64
0,bimswarm.de,referral,desktop,2022-09-19,1,68,BIMQ,AEC3 Deutschland GmbH,53
0,bimswarm.de,referral,desktop,2022-11-18,1,108,NOVA AVA BIM,NOVA Building IT GmbH,84
0,neu.bimswarm.de,referral,desktop,2023-04-06,3,151,Projektraum PAVE,PMG Projektraum Management GmbH,128
1,bimswarm.de,referral,desktop,2022-11-14,1,151,Projektraum PAVE,PMG Projektraum Management GmbH,128
1,(direct),(none),desktop,2023-06-13,2,31,BISS.ID ON SITE,BISS.ID GmbH,19
6,(direct),(none),desktop,2023-06-08,1,31,BISS.ID ON SITE,BISS.ID GmbH,19
5,(direct),(none),desktop,2023-06-07,1,31,BISS.ID ON SITE,BISS.ID GmbH,19
4,(direct),(none),desktop,2023-03-30,1,31,BISS.ID ON SITE,BISS.ID GmbH,19
3,(direct),(none),desktop,2023-03-28,1,31,BISS.ID ON SITE,BISS.ID GmbH,19
7,jira.adesso.de,referral,desktop,2023-03-21,1,31,BISS.ID ON SITE,BISS.ID GmbH,19
0,(direct),(none),desktop,2023-03-20,2,31,BISS.ID ON SITE,BISS.ID GmbH,19
2,(direct),(none),desktop,2023-03-14,1,31,BISS.ID ON SITE,BISS.ID GmbH,19
1,neu.bimswarm.de,referral,desktop,2023-05-23,1,33,BISS.ID PLUS,BISS.ID GmbH,19
0,(direct),(none),desktop,2023-04-25,1,33,BISS.ID PLUS,BISS.ID GmbH,19
1,neu.bimswarm.de,referral,desktop,2023-04-24,2,32,BISS.ID HOME,BISS.ID GmbH,19
0,neu.bimswarm.de,referral,desktop,2023-04-20,3,32,BISS.ID HOME,BISS.ID GmbH,19
5,bimswarm.de,referral,mobile,2023-06-13,1,25,EcoSys Enterprise Projects Performance,Hexagon PPM c/o Intergraph PP&M Deutschland GmbH,15
3,bimswarm.de,referral,desktop,2023-04-11,1,25,EcoSys Enterprise Projects Performance,Hexagon PPM c/o Intergraph PP&M Deutschland GmbH,15
2,bimswarm.de,referral,desktop,2023-01-10,1,25,EcoSys Enterprise Projects Performance,Hexagon PPM c/o Intergraph PP&M Deutschland GmbH,15
0,(direct),(none),desktop,2022-12-15,2,25,EcoSys Enterprise Projects Performance,Hexagon PPM c/o Intergraph PP&M Deutschland GmbH,15
1,(direct),(none),desktop,2022-11-09,1,25,EcoSys Enterprise Projects Performance,Hexagon PPM c/o Intergraph PP&M Deutschland GmbH,15
4,bimswarm.de,referral,mobile,2022-11-07,1,25,EcoSys Enterprise Projects Performance,Hexagon PPM c/o Intergraph PP&M Deutschland GmbH,15
9,google,organic,desktop,2023-04-24,1,27,HxGN SMART Build,Hexagon PPM c/o Intergraph PP&M Deutschland GmbH,15
11,neu.bimswarm.de,referral,desktop,2023-04-06,1,27,HxGN SMART Build,Hexagon PPM c/o Intergraph PP&M Deutschland GmbH,15
7,bimswarm.de,referral,desktop,2023-03-28,1,27,HxGN SMART Build,Hexagon PPM c/o Intergraph PP&M Deutschland GmbH,15
3,(direct),(none),desktop,2023-03-10,1,27,HxGN SMART Build,Hexagon PPM c/o Intergraph PP&M Deutschland GmbH,15
8,google,organic,desktop,2023-02-28,1,27,HxGN SMART Build,Hexagon PPM c/o Intergraph PP&M Deutschland GmbH,15
10,linkedin.com,referral,desktop,2023-01-28,1,27,HxGN SMART Build,Hexagon PPM c/o Intergraph PP&M Deutschland GmbH,15
12,planen-bauen40.de,referral,desktop,2023-01-05,1,27,HxGN SMART Build,Hexagon PPM c/o Intergraph PP&M Deutschland GmbH,15
2,(direct),(none),desktop,2022-11-22,1,27,HxGN SMART Build,Hexagon PPM c/o Intergraph PP&M Deutschland GmbH,15
4,(direct),(none),mobile,2022-11-12,1,27,HxGN SMART Build,Hexagon PPM c/o Intergraph PP&M Deutschland GmbH,15
1,(direct),(none),desktop,2022-11-08,1,27,HxGN SMART Build,Hexagon PPM c/o Intergraph PP&M Deutschland GmbH,15
6,bimswarm.de,referral,desktop,2022-11-08,1,27,HxGN SMART Build,Hexagon PPM c/o Intergraph PP&M Deutschland GmbH,15
0,(direct),(none),desktop,2022-10-28,1,27,HxGN SMART Build,Hexagon PPM c/o Intergraph PP&M Deutschland GmbH,15
5,bimswarm.de,referral,desktop,2022-10-28,1,27,HxGN SMART Build,Hexagon PPM c/o Intergraph PP&M Deutschland GmbH,15
0,(direct),(none),desktop,2022-11-25,1,26,BricsCAD BIM,Hexagon PPM c/o Intergraph PP&M Deutschland GmbH,15
4,bimswarm.de,referral,desktop,2022-10-28,1,26,BricsCAD BIM,Hexagon PPM c/o Intergraph PP&M Deutschland GmbH,15
3,bimswarm.de,referral,desktop,2022-10-27,1,26,BricsCAD BIM,Hexagon PPM c/o Intergraph PP&M Deutschland GmbH,15
2,bimswarm.de,referral,desktop,2022-10-26,1,26,BricsCAD BIM,Hexagon PPM c/o Intergraph PP&M Deutschland GmbH,15
5,google,organic,desktop,2022-09-30,1,26,BricsCAD BIM,Hexagon PPM c/o Intergraph PP&M Deutschland GmbH,15
1,bimswarm.de,referral,desktop,2022-09-28,1,26,BricsCAD BIM,Hexagon PPM c/o Intergraph PP&M Deutschland GmbH,15
0,bimswarm.de,referral,desktop,2023-06-06,1,83,BIMvision ,Datacomp sp. Z o.o.,63
1,bimswarm.de,referral,desktop,2022-11-22,1,206,BIM-Connector®,FRILO Software GmbH,70
0,bimswarm.de,referral,desktop,2022-11-21,1,206,BIM-Connector®,FRILO Software GmbH,70
16,digital-bau.com,referral,desktop,2023-06-08,1,14,Revizto,Vizerra SA,10
15,bimswarm.de,referral,mobile,2023-04-19,1,14,Revizto,Vizerra SA,10
11,(direct),(none),mobile,2023-03-31,1,14,Revizto,Vizerra SA,10
10,(direct),(none),mobile,2023-03-20,1,14,Revizto,Vizerra SA,10
14,bimswarm.de,referral,desktop,2023-03-16,1,14,Revizto,Vizerra SA,10
4,bimswarm.de,referral,desktop,2023-02-22,2,14,Revizto,Vizerra SA,10
13,bimswarm.de,referral,desktop,2023-02-18,1,14,Revizto,Vizerra SA,10
3,bimswarm.de,referral,desktop,2023-02-16,2,14,Revizto,Vizerra SA,10
17,jira.adesso.de,referral,desktop,2023-02-10,1,14,Revizto,Vizerra SA,10
9,(direct),(none),desktop,2023-01-20,1,14,Revizto,Vizerra SA,10
8,(direct),(none),desktop,2023-01-13,1,14,Revizto,Vizerra SA,10
7,(direct),(none),desktop,2022-12-09,1,14,Revizto,Vizerra SA,10
12,bimswarm.de,referral,desktop,2022-12-08,1,14,Revizto,Vizerra SA,10
1,bimswarm.de,referral,desktop,2022-10-25,3,14,Revizto,Vizerra SA,10
2,(direct),(none),desktop,2022-10-17,2,14,Revizto,Vizerra SA,10
6,(direct),(none),desktop,2022-10-14,1,14,Revizto,Vizerra SA,10
5,(direct),(none),desktop,2022-10-13,1,14,Revizto,Vizerra SA,10
0,(direct),(none),desktop,2022-09-27,4,14,Revizto,Vizerra SA,10
0,bimswarm.de,referral,desktop,2023-03-01,2,156,AWARO,AirITSystems GmbH,133
1,bimswarm.de,referral,desktop,2023-01-05,1,118,Beestate®,Serthoro GmbH,92
0,bimswarm.de,referral,desktop,2023-01-04,1,118,Beestate®,Serthoro GmbH,92
0,(direct),(none),desktop,2023-03-14,2,11,Inzept 3D,Inzept3D by W Kubik GmbH,7
3,(direct),(none),desktop,2023-01-23,1,11,Inzept 3D,Inzept3D by W Kubik GmbH,7
2,(direct),(none),desktop,2023-01-20,1,11,Inzept 3D,Inzept3D by W Kubik GmbH,7
1,(direct),(none),desktop,2023-01-19,1,11,Inzept 3D,Inzept3D by W Kubik GmbH,7
5,bimswarm.de,referral,desktop,2023-01-05,1,11,Inzept 3D,Inzept3D by W Kubik GmbH,7
4,bimswarm.de,referral,desktop,2023-01-04,1,11,Inzept 3D,Inzept3D by W Kubik GmbH,7
0,(direct),(none),desktop,2022-12-01,1,188,DIN BIM Cloud,DIN e. V. (Deutsches Institut für Normung),180
0,(direct),(none),desktop,2023-03-14,2,110,ProdLib,ProdLib Oy,86
3,(direct),(none),desktop,2023-01-23,1,110,ProdLib,ProdLib Oy,86
2,(direct),(none),desktop,2023-01-20,1,110,ProdLib,ProdLib Oy,86
1,(direct),(none),desktop,2023-01-19,1,110,ProdLib,ProdLib Oy,86
0,(direct),(none),desktop,2022-11-07,1,162,BIMx,GRAPHISOFT Deutschland GmbH,98
0,bimswarm.de,referral,desktop,2023-06-06,3,124,Archicad,GRAPHISOFT Deutschland GmbH,98
9,google,organic,desktop,2023-04-28,1,124,Archicad,GRAPHISOFT Deutschland GmbH,98
5,bimswarm.de,referral,desktop,2023-04-06,1,124,Archicad,GRAPHISOFT Deutschland GmbH,98
8,google,organic,desktop,2023-03-20,1,124,Archicad,GRAPHISOFT Deutschland GmbH,98
2,(direct),(none),desktop,2023-01-03,1,124,Archicad,GRAPHISOFT Deutschland GmbH,98
4,bimswarm.de,referral,desktop,2022-12-06,1,124,Archicad,GRAPHISOFT Deutschland GmbH,98
1,bimswarm.de,referral,desktop,2022-11-30,2,124,Archicad,GRAPHISOFT Deutschland GmbH,98
7,google,organic,desktop,2022-11-16,1,124,Archicad,GRAPHISOFT Deutschland GmbH,98
3,bimswarm.de,referral,desktop,2022-10-24,1,124,Archicad,GRAPHISOFT Deutschland GmbH,98
6,google,organic,desktop,2022-10-24,1,124,Archicad,GRAPHISOFT Deutschland GmbH,98
3,neu.bimswarm.de,referral,desktop,2023-04-20,1,309,VREX,Vixel AS,256
2,neu.bimswarm.de,referral,desktop,2023-04-19,2,309,VREX,Vixel AS,256
1,(direct),(none),desktop,2023-03-30,5,309,VREX,Vixel AS,256
0,(direct),(none),desktop,2023-03-28,8,309,VREX,Vixel AS,256
0,(direct),(none),desktop,2023-03-20,2,310,Bau - Tagebuch,Open Experience GmbH,253
0,bimswarm.de,referral,desktop,2023-04-03,2,305,Bau - Checklisten,Open Experience GmbH,253
1,jira.adesso.de,referral,desktop,2023-02-24,2,305,Bau - Checklisten,Open Experience GmbH,253
0,(direct),(none),desktop,2023-03-14,1,311,AUSSCHREIBEN.DE-2023-05-02 07:25:51.579,AUSSCHREIBEN.DE ein Service der ORCA Software GmbH,257
0,bimswarm.de,referral,desktop,2022-10-05,1,9,HottSCAN,Hottgenroth Software AG,6
2,(direct),(none),desktop,2023-06-07,1,8,ETU-Simulation,Hottgenroth Software AG,6
3,bimswarm.de,referral,desktop,2023-06-06,1,8,ETU-Simulation,Hottgenroth Software AG,6
1,(direct),(none),desktop,2023-06-05,2,8,ETU-Simulation,Hottgenroth Software AG,6
0,(direct),(none),desktop,2023-05-23,2,8,ETU-Simulation,Hottgenroth Software AG,6
0,bimswarm.de,referral,desktop,2022-11-18,1,10,Kaufmann,Hottgenroth Software AG,6
2,bimswarm.de,referral,desktop,2023-06-09,1,7,ETU-Planer,Hottgenroth Software AG,6
1,bimswarm.de,referral,desktop,2023-05-22,1,7,ETU-Planer,Hottgenroth Software AG,6
0,bimswarm.de,referral,desktop,2023-01-10,1,7,ETU-Planer,Hottgenroth Software AG,6
78,bimswarm.de,referral,mobile,2023-06-13,1,2,BIMcatalogs.net,CADENAS GmbH,12
0,(direct),(none),desktop,2023-06-09,4,2,BIMcatalogs.net,CADENAS GmbH,12
15,(direct),(none),desktop,2023-06-08,2,2,BIMcatalogs.net,CADENAS GmbH,12
21,bimswarm.de,referral,desktop,2023-05-24,2,2,BIMcatalogs.net,CADENAS GmbH,12
74,bimswarm.de,referral,desktop,2023-05-23,1,2,BIMcatalogs.net,CADENAS GmbH,12
14,(direct),(none),desktop,2023-05-23,2,2,BIMcatalogs.net,CADENAS GmbH,12
13,(direct),(none),desktop,2023-05-16,2,2,BIMcatalogs.net,CADENAS GmbH,12
41,(direct),(none),mobile,2023-05-09,1,2,BIMcatalogs.net,CADENAS GmbH,12
85,google,organic,desktop,2023-04-24,1,2,BIMcatalogs.net,CADENAS GmbH,12
73,bimswarm.de,referral,desktop,2023-04-11,1,2,BIMcatalogs.net,CADENAS GmbH,12
84,google,organic,desktop,2023-04-08,1,2,BIMcatalogs.net,CADENAS GmbH,12
88,neu.bimswarm.de,referral,desktop,2023-04-06,1,2,BIMcatalogs.net,CADENAS GmbH,12
72,bimswarm.de,referral,desktop,2023-04-03,1,2,BIMcatalogs.net,CADENAS GmbH,12
38,(direct),(none),desktop,2023-03-29,1,2,BIMcatalogs.net,CADENAS GmbH,12
71,bimswarm.de,referral,desktop,2023-03-28,1,2,BIMcatalogs.net,CADENAS GmbH,12
20,bimswarm.de,referral,desktop,2023-03-21,2,2,BIMcatalogs.net,CADENAS GmbH,12
37,(direct),(none),desktop,2023-03-20,1,2,BIMcatalogs.net,CADENAS GmbH,12
43,5lcue.r.a.d.sendibm1.com,referral,desktop,2023-03-17,1,2,BIMcatalogs.net,CADENAS GmbH,12
36,(direct),(none),desktop,2023-03-16,1,2,BIMcatalogs.net,CADENAS GmbH,12
22,google,organic,desktop,2023-03-16,2,2,BIMcatalogs.net,CADENAS GmbH,12
70,bimswarm.de,referral,desktop,2023-03-14,1,2,BIMcatalogs.net,CADENAS GmbH,12
35,(direct),(none),desktop,2023-03-10,1,2,BIMcatalogs.net,CADENAS GmbH,12
83,google,organic,desktop,2023-02-28,1,2,BIMcatalogs.net,CADENAS GmbH,12
86,jira.adesso.de,referral,desktop,2023-02-23,1,2,BIMcatalogs.net,CADENAS GmbH,12
69,bimswarm.de,referral,desktop,2023-02-23,1,2,BIMcatalogs.net,CADENAS GmbH,12
68,bimswarm.de,referral,desktop,2023-02-20,1,2,BIMcatalogs.net,CADENAS GmbH,12
34,(direct),(none),desktop,2023-02-20,1,2,BIMcatalogs.net,CADENAS GmbH,12
5,(direct),(none),desktop,2023-02-15,3,2,BIMcatalogs.net,CADENAS GmbH,12
67,bimswarm.de,referral,desktop,2023-02-05,1,2,BIMcatalogs.net,CADENAS GmbH,12
90,startconsult.everythink.co,referral,desktop,2023-01-31,1,2,BIMcatalogs.net,CADENAS GmbH,12
87,linkedin.com,referral,desktop,2023-01-28,1,2,BIMcatalogs.net,CADENAS GmbH,12
82,google,organic,desktop,2023-01-19,1,2,BIMcatalogs.net,CADENAS GmbH,12
66,bimswarm.de,referral,desktop,2023-01-10,1,2,BIMcatalogs.net,CADENAS GmbH,12
89,planen-bauen40.de,referral,desktop,2023-01-05,1,2,BIMcatalogs.net,CADENAS GmbH,12
42,5lcue.r.a.d.sendibm1.com,referral,desktop,2023-01-02,1,2,BIMcatalogs.net,CADENAS GmbH,12
65,bimswarm.de,referral,desktop,2022-12-27,1,2,BIMcatalogs.net,CADENAS GmbH,12
64,bimswarm.de,referral,desktop,2022-12-26,1,2,BIMcatalogs.net,CADENAS GmbH,12
45,5lcue.r.bh.d.sendibt3.com,referral,desktop,2022-12-22,1,2,BIMcatalogs.net,CADENAS GmbH,12
63,bimswarm.de,referral,desktop,2022-12-21,1,2,BIMcatalogs.net,CADENAS GmbH,12
44,5lcue.r.bh.d.sendibt3.com,referral,desktop,2022-12-20,1,2,BIMcatalogs.net,CADENAS GmbH,12
12,(direct),(none),desktop,2022-12-19,2,2,BIMcatalogs.net,CADENAS GmbH,12
62,bimswarm.de,referral,desktop,2022-12-17,1,2,BIMcatalogs.net,CADENAS GmbH,12
81,google,organic,desktop,2022-12-17,1,2,BIMcatalogs.net,CADENAS GmbH,12
11,(direct),(none),desktop,2022-12-15,2,2,BIMcatalogs.net,CADENAS GmbH,12
61,bimswarm.de,referral,desktop,2022-12-15,1,2,BIMcatalogs.net,CADENAS GmbH,12
33,(direct),(none),desktop,2022-12-14,1,2,BIMcatalogs.net,CADENAS GmbH,12
32,(direct),(none),desktop,2022-12-11,1,2,BIMcatalogs.net,CADENAS GmbH,12
10,(direct),(none),desktop,2022-12-06,2,2,BIMcatalogs.net,CADENAS GmbH,12
9,(direct),(none),desktop,2022-12-01,2,2,BIMcatalogs.net,CADENAS GmbH,12
7,bimswarm.de,referral,desktop,2022-12-01,3,2,BIMcatalogs.net,CADENAS GmbH,12
31,(direct),(none),desktop,2022-11-29,1,2,BIMcatalogs.net,CADENAS GmbH,12
19,bimswarm.de,referral,desktop,2022-11-29,2,2,BIMcatalogs.net,CADENAS GmbH,12
60,bimswarm.de,referral,desktop,2022-11-28,1,2,BIMcatalogs.net,CADENAS GmbH,12
8,(direct),(none),desktop,2022-11-25,2,2,BIMcatalogs.net,CADENAS GmbH,12
18,bimswarm.de,referral,desktop,2022-11-24,2,2,BIMcatalogs.net,CADENAS GmbH,12
1,bimswarm.de,referral,desktop,2022-11-23,4,2,BIMcatalogs.net,CADENAS GmbH,12
30,(direct),(none),desktop,2022-11-22,1,2,BIMcatalogs.net,CADENAS GmbH,12
59,bimswarm.de,referral,desktop,2022-11-22,1,2,BIMcatalogs.net,CADENAS GmbH,12
58,bimswarm.de,referral,desktop,2022-11-21,1,2,BIMcatalogs.net,CADENAS GmbH,12
80,google,organic,desktop,2022-11-18,1,2,BIMcatalogs.net,CADENAS GmbH,12
57,bimswarm.de,referral,desktop,2022-11-15,1,2,BIMcatalogs.net,CADENAS GmbH,12
29,(direct),(none),desktop,2022-11-15,1,2,BIMcatalogs.net,CADENAS GmbH,12
40,(direct),(none),mobile,2022-11-12,1,2,BIMcatalogs.net,CADENAS GmbH,12
39,(direct),(none),mobile,2022-11-10,1,2,BIMcatalogs.net,CADENAS GmbH,12
4,(direct),(none),desktop,2022-11-09,3,2,BIMcatalogs.net,CADENAS GmbH,12
3,(direct),(none),desktop,2022-11-08,3,2,BIMcatalogs.net,CADENAS GmbH,12
56,bimswarm.de,referral,desktop,2022-11-08,1,2,BIMcatalogs.net,CADENAS GmbH,12
77,bimswarm.de,referral,mobile,2022-11-07,1,2,BIMcatalogs.net,CADENAS GmbH,12
2,(direct),(none),desktop,2022-11-04,3,2,BIMcatalogs.net,CADENAS GmbH,12
55,bimswarm.de,referral,desktop,2022-10-31,1,2,BIMcatalogs.net,CADENAS GmbH,12
28,(direct),(none),desktop,2022-10-28,1,2,BIMcatalogs.net,CADENAS GmbH,12
17,bimswarm.de,referral,desktop,2022-10-28,2,2,BIMcatalogs.net,CADENAS GmbH,12
54,bimswarm.de,referral,desktop,2022-10-27,1,2,BIMcatalogs.net,CADENAS GmbH,12
53,bimswarm.de,referral,desktop,2022-10-26,1,2,BIMcatalogs.net,CADENAS GmbH,12
76,bimswarm.de,referral,mobile,2022-10-24,1,2,BIMcatalogs.net,CADENAS GmbH,12
52,bimswarm.de,referral,desktop,2022-10-19,1,2,BIMcatalogs.net,CADENAS GmbH,12
16,bimswarm.de,referral,desktop,2022-10-17,2,2,BIMcatalogs.net,CADENAS GmbH,12
27,(direct),(none),desktop,2022-10-17,1,2,BIMcatalogs.net,CADENAS GmbH,12
51,bimswarm.de,referral,desktop,2022-10-16,1,2,BIMcatalogs.net,CADENAS GmbH,12
26,(direct),(none),desktop,2022-10-13,1,2,BIMcatalogs.net,CADENAS GmbH,12
25,(direct),(none),desktop,2022-10-04,1,2,BIMcatalogs.net,CADENAS GmbH,12
79,google,organic,desktop,2022-09-30,1,2,BIMcatalogs.net,CADENAS GmbH,12
50,bimswarm.de,referral,desktop,2022-09-28,1,2,BIMcatalogs.net,CADENAS GmbH,12
6,bimswarm.de,referral,desktop,2022-09-27,3,2,BIMcatalogs.net,CADENAS GmbH,12
24,(direct),(none),desktop,2022-09-27,1,2,BIMcatalogs.net,CADENAS GmbH,12
49,bimswarm.de,referral,desktop,2022-09-22,1,2,BIMcatalogs.net,CADENAS GmbH,12
48,bimswarm.de,referral,desktop,2022-09-21,1,2,BIMcatalogs.net,CADENAS GmbH,12
23,(direct),(none),desktop,2022-09-21,1,2,BIMcatalogs.net,CADENAS GmbH,12
47,bimswarm.de,referral,desktop,2022-09-20,1,2,BIMcatalogs.net,CADENAS GmbH,12
75,bimswarm.de,referral,mobile,2022-09-19,1,2,BIMcatalogs.net,CADENAS GmbH,12
46,bimswarm.de,referral,desktop,2022-09-19,1,2,BIMcatalogs.net,CADENAS GmbH,12
5,(direct),(none),desktop,2023-06-13,2,3,3dfind.it-2023-05-25 08:05:17.189,CADENAS GmbH,12
19,(direct),(none),desktop,2023-06-08,1,3,3dfind.it-2023-05-25 08:05:17.189,CADENAS GmbH,12
18,(direct),(none),desktop,2023-06-07,1,3,3dfind.it-2023-05-25 08:05:17.189,CADENAS GmbH,12
30,neu.bimswarm.de,referral,desktop,2023-05-23,1,3,3dfind.it-2023-05-25 08:05:17.189,CADENAS GmbH,12
17,(direct),(none),desktop,2023-04-25,1,3,3dfind.it-2023-05-25 08:05:17.189,CADENAS GmbH,12
13,neu.bimswarm.de,referral,desktop,2023-04-24,2,3,3dfind.it-2023-05-25 08:05:17.189,CADENAS GmbH,12
2,neu.bimswarm.de,referral,desktop,2023-04-20,4,3,3dfind.it-2023-05-25 08:05:17.189,CADENAS GmbH,12
12,neu.bimswarm.de,referral,desktop,2023-04-19,2,3,3dfind.it-2023-05-25 08:05:17.189,CADENAS GmbH,12
11,neu.bimswarm.de,referral,desktop,2023-04-18,2,3,3dfind.it-2023-05-25 08:05:17.189,CADENAS GmbH,12
7,bimswarm.de,referral,desktop,2023-04-03,2,3,3dfind.it-2023-05-25 08:05:17.189,CADENAS GmbH,12
1,(direct),(none),desktop,2023-03-30,6,3,3dfind.it-2023-05-25 08:05:17.189,CADENAS GmbH,12
0,(direct),(none),desktop,2023-03-28,9,3,3dfind.it-2023-05-25 08:05:17.189,CADENAS GmbH,12
28,jira.adesso.de,referral,desktop,2023-03-21,1,3,3dfind.it-2023-05-25 08:05:17.189,CADENAS GmbH,12
4,(direct),(none),desktop,2023-03-20,2,3,3dfind.it-2023-05-25 08:05:17.189,CADENAS GmbH,12
29,linkedin.com,referral,desktop,2023-03-14,1,3,3dfind.it-2023-05-25 08:05:17.189,CADENAS GmbH,12
16,(direct),(none),desktop,2023-03-14,1,3,3dfind.it-2023-05-25 08:05:17.189,CADENAS GmbH,12
10,jira.adesso.de,referral,desktop,2023-02-24,2,3,3dfind.it-2023-05-25 08:05:17.189,CADENAS GmbH,12
27,jira.adesso.de,referral,desktop,2023-02-10,1,3,3dfind.it-2023-05-25 08:05:17.189,CADENAS GmbH,12
26,bimswarm.de,referral,desktop,2023-02-03,1,3,3dfind.it-2023-05-25 08:05:17.189,CADENAS GmbH,12
6,bimswarm.de,referral,desktop,2023-02-01,2,3,3dfind.it-2023-05-25 08:05:17.189,CADENAS GmbH,12
9,google,organic,desktop,2023-02-01,2,3,3dfind.it-2023-05-25 08:05:17.189,CADENAS GmbH,12
3,(direct),(none),desktop,2023-01-20,2,3,3dfind.it-2023-05-25 08:05:17.189,CADENAS GmbH,12
25,bimswarm.de,referral,desktop,2022-12-06,1,3,3dfind.it-2023-05-25 08:05:17.189,CADENAS GmbH,12
24,bimswarm.de,referral,desktop,2022-10-11,1,3,3dfind.it-2023-05-25 08:05:17.189,CADENAS GmbH,12
23,bimswarm.de,referral,desktop,2022-10-06,1,3,3dfind.it-2023-05-25 08:05:17.189,CADENAS GmbH,12
22,bimswarm.de,referral,desktop,2022-10-05,1,3,3dfind.it-2023-05-25 08:05:17.189,CADENAS GmbH,12
21,bimswarm.de,referral,desktop,2022-09-29,1,3,3dfind.it-2023-05-25 08:05:17.189,CADENAS GmbH,12
20,bimswarm.de,referral,desktop,2022-09-28,1,3,3dfind.it-2023-05-25 08:05:17.189,CADENAS GmbH,12
15,(direct),(none),desktop,2022-09-22,1,3,3dfind.it-2023-05-25 08:05:17.189,CADENAS GmbH,12
8,google,organic,desktop,2022-09-21,2,3,3dfind.it-2023-05-25 08:05:17.189,CADENAS GmbH,12
14,(direct),(none),desktop,2022-09-21,1,3,3dfind.it-2023-05-25 08:05:17.189,CADENAS GmbH,12
0,neu.bimswarm.de,referral,desktop,2023-04-20,3,322,easyVO Waste Management,easycircular Umweltmanagement GmbH,264
0,(direct),(none),desktop,2023-06-13,2,319,Life-Cycle Passport,Concular GmbH,262
2,(direct),(none),desktop,2023-06-08,1,319,Life-Cycle Passport,Concular GmbH,262
1,(direct),(none),desktop,2023-06-07,1,319,Life-Cycle Passport,Concular GmbH,262
